CREATE DATABASE  IF NOT EXISTS `traveldb` /*!40100 DEFAULT CHARACTER SET utf8mb4 COLLATE utf8mb4_0900_ai_ci */ /*!80016 DEFAULT ENCRYPTION='N' */;
USE `traveldb`;
-- MySQL dump 10.13  Distrib 8.0.28, for Win64 (x86_64)
--
-- Host: localhost    Database: traveldb
-- ------------------------------------------------------
-- Server version	8.0.28

/*!40101 SET @OLD_CHARACTER_SET_CLIENT=@@CHARACTER_SET_CLIENT */;
/*!40101 SET @OLD_CHARACTER_SET_RESULTS=@@CHARACTER_SET_RESULTS */;
/*!40101 SET @OLD_COLLATION_CONNECTION=@@COLLATION_CONNECTION */;
/*!50503 SET NAMES utf8 */;
/*!40103 SET @OLD_TIME_ZONE=@@TIME_ZONE */;
/*!40103 SET TIME_ZONE='+00:00' */;
/*!40014 SET @OLD_UNIQUE_CHECKS=@@UNIQUE_CHECKS, UNIQUE_CHECKS=0 */;
/*!40014 SET @OLD_FOREIGN_KEY_CHECKS=@@FOREIGN_KEY_CHECKS, FOREIGN_KEY_CHECKS=0 */;
/*!40101 SET @OLD_SQL_MODE=@@SQL_MODE, SQL_MODE='NO_AUTO_VALUE_ON_ZERO' */;
/*!40111 SET @OLD_SQL_NOTES=@@SQL_NOTES, SQL_NOTES=0 */;

--
-- Table structure for table `booking`
--

DROP TABLE IF EXISTS `booking`;
/*!40101 SET @saved_cs_client     = @@character_set_client */;
/*!50503 SET character_set_client = utf8mb4 */;
CREATE TABLE `booking` (
  `id` int NOT NULL AUTO_INCREMENT,
  `tour_id` int DEFAULT NULL,
  `user_id` int DEFAULT NULL,
  `created_date` datetime NOT NULL,
  `departure_date` datetime NOT NULL,
  `departure_location_id` int DEFAULT NULL,
  `number_adult` int NOT NULL DEFAULT '1',
  `number_child` int NOT NULL DEFAULT '0',
  PRIMARY KEY (`id`),
  UNIQUE KEY `id_UNIQUE` (`id`),
  KEY `fk_booking_user_idx` (`user_id`),
  KEY `fk_booking_tour_idx` (`tour_id`),
  CONSTRAINT `fk_booking_tour` FOREIGN KEY (`tour_id`) REFERENCES `tour` (`id`) ON DELETE SET NULL ON UPDATE CASCADE,
  CONSTRAINT `fk_booking_user` FOREIGN KEY (`user_id`) REFERENCES `user` (`id`) ON DELETE SET NULL ON UPDATE CASCADE
) ENGINE=InnoDB DEFAULT CHARSET=utf8mb4 COLLATE=utf8mb4_unicode_ci COMMENT='Thông tin đặt tour: khách hàng, tour du lịch,  ngày đặt, ngày khởi hành, nơi đón khách, số người lớn, số trẻ em';
/*!40101 SET character_set_client = @saved_cs_client */;

--
-- Dumping data for table `booking`
--

LOCK TABLES `booking` WRITE;
/*!40000 ALTER TABLE `booking` DISABLE KEYS */;
/*!40000 ALTER TABLE `booking` ENABLE KEYS */;
UNLOCK TABLES;

--
-- Table structure for table `booking_detail`
--

DROP TABLE IF EXISTS `booking_detail`;
/*!40101 SET @saved_cs_client     = @@character_set_client */;
/*!50503 SET character_set_client = utf8mb4 */;
CREATE TABLE `booking_detail` (
  `id` int NOT NULL AUTO_INCREMENT,
  `customer_name` varchar(45) NOT NULL,
  `customer_phone` int NOT NULL,
  `is_payment` bit(1) NOT NULL DEFAULT b'0',
  `booking_id` int DEFAULT NULL,
  PRIMARY KEY (`id`),
  UNIQUE KEY `id_UNIQUE` (`id`),
  KEY `fk_booking_detail_idx` (`booking_id`),
  CONSTRAINT `fk_booking_detail` FOREIGN KEY (`booking_id`) REFERENCES `booking` (`id`) ON DELETE SET NULL ON UPDATE CASCADE
) ENGINE=InnoDB DEFAULT CHARSET=utf8mb4 COLLATE=utf8mb4_0900_ai_ci;
/*!40101 SET character_set_client = @saved_cs_client */;

--
-- Dumping data for table `booking_detail`
--

LOCK TABLES `booking_detail` WRITE;
/*!40000 ALTER TABLE `booking_detail` DISABLE KEYS */;
/*!40000 ALTER TABLE `booking_detail` ENABLE KEYS */;
UNLOCK TABLES;

--
-- Table structure for table `category`
--

DROP TABLE IF EXISTS `category`;
/*!40101 SET @saved_cs_client     = @@character_set_client */;
/*!50503 SET character_set_client = utf8mb4 */;
CREATE TABLE `category` (
  `id` int NOT NULL AUTO_INCREMENT,
  `name` varchar(45) NOT NULL,
  PRIMARY KEY (`id`),
  UNIQUE KEY `id_UNIQUE` (`id`),
  UNIQUE KEY `name_UNIQUE` (`name`)
) ENGINE=InnoDB AUTO_INCREMENT=6 DEFAULT CHARSET=utf8mb4 COLLATE=utf8mb4_0900_ai_ci;
/*!40101 SET character_set_client = @saved_cs_client */;

--
-- Dumping data for table `category`
--

LOCK TABLES `category` WRITE;
/*!40000 ALTER TABLE `category` DISABLE KEYS */;
INSERT INTO `category` VALUES (4,'Du lịch Châu Đốc'),(1,'Du lịch Đà Nẵng'),(2,'Du lịch Miền Tây'),(3,'Du lịch Nam Du'),(5,'Du lịch Tây Nguyên');
/*!40000 ALTER TABLE `category` ENABLE KEYS */;
UNLOCK TABLES;

--
-- Table structure for table `duration`
--

DROP TABLE IF EXISTS `duration`;
/*!40101 SET @saved_cs_client     = @@character_set_client */;
/*!50503 SET character_set_client = utf8mb4 */;
CREATE TABLE `duration` (
  `id` int NOT NULL AUTO_INCREMENT,
  `quantity_days` int NOT NULL,
  `quantity_nights` int NOT NULL,
  PRIMARY KEY (`id`),
  UNIQUE KEY `id_UNIQUE` (`id`)
) ENGINE=InnoDB AUTO_INCREMENT=6 DEFAULT CHARSET=utf8mb4 COLLATE=utf8mb4_unicode_ci COMMENT='Thời gian đi: số ngày ở, số đêm ở';
/*!40101 SET character_set_client = @saved_cs_client */;

--
-- Dumping data for table `duration`
--

LOCK TABLES `duration` WRITE;
/*!40000 ALTER TABLE `duration` DISABLE KEYS */;
INSERT INTO `duration` VALUES (1,1,1),(2,2,1),(3,3,2),(4,4,3),(5,5,4);
/*!40000 ALTER TABLE `duration` ENABLE KEYS */;
UNLOCK TABLES;

--
-- Table structure for table `feedback`
--

DROP TABLE IF EXISTS `feedback`;
/*!40101 SET @saved_cs_client     = @@character_set_client */;
/*!50503 SET character_set_client = utf8mb4 */;
CREATE TABLE `feedback` (
  `id` varchar(45) CHARACTER SET utf8mb4 COLLATE utf8mb4_unicode_ci NOT NULL,
  `tour_id` int DEFAULT NULL,
  `user_id` int DEFAULT NULL,
  `rating` decimal(1,0) NOT NULL,
  `comment` longtext CHARACTER SET utf8mb4 COLLATE utf8mb4_unicode_ci,
  `created_date` datetime NOT NULL,
  `updated_date` datetime DEFAULT NULL,
  PRIMARY KEY (`id`),
  UNIQUE KEY `id_UNIQUE` (`id`),
  KEY `fk_feedback_user_idx` (`user_id`),
  KEY `fk_feedback_tour_idx` (`tour_id`),
  CONSTRAINT `fk_feedback_tour` FOREIGN KEY (`tour_id`) REFERENCES `tour` (`id`) ON DELETE CASCADE ON UPDATE CASCADE,
  CONSTRAINT `fk_feedback_user` FOREIGN KEY (`user_id`) REFERENCES `user` (`id`) ON DELETE SET NULL ON UPDATE CASCADE
) ENGINE=InnoDB DEFAULT CHARSET=utf8mb4 COLLATE=utf8mb4_unicode_ci COMMENT='Người dùng có thể đánh giá tour và bình luận.';
/*!40101 SET character_set_client = @saved_cs_client */;

--
-- Dumping data for table `feedback`
--

LOCK TABLES `feedback` WRITE;
/*!40000 ALTER TABLE `feedback` DISABLE KEYS */;
/*!40000 ALTER TABLE `feedback` ENABLE KEYS */;
UNLOCK TABLES;

--
-- Table structure for table `location`
--

DROP TABLE IF EXISTS `location`;
/*!40101 SET @saved_cs_client     = @@character_set_client */;
/*!50503 SET character_set_client = utf8mb4 */;
CREATE TABLE `location` (
  `id` int NOT NULL AUTO_INCREMENT,
  `province_id` int DEFAULT NULL,
  `district_id` int DEFAULT NULL,
  `ward_id` int DEFAULT NULL,
  `detail` varchar(100) COLLATE utf8mb4_unicode_ci DEFAULT NULL,
  PRIMARY KEY (`id`),
  UNIQUE KEY `id_UNIQUE` (`id`),
  KEY `fk_location_province_idx` (`province_id`),
  KEY `fk_location_district_idx` (`district_id`),
  KEY `fk_location_ward_idx` (`ward_id`),
  CONSTRAINT `fk_location_district` FOREIGN KEY (`district_id`) REFERENCES `location_district` (`id`) ON DELETE SET NULL ON UPDATE CASCADE,
  CONSTRAINT `fk_location_province` FOREIGN KEY (`province_id`) REFERENCES `location_province` (`id`) ON DELETE SET NULL ON UPDATE CASCADE,
  CONSTRAINT `fk_location_ward` FOREIGN KEY (`ward_id`) REFERENCES `location_ward` (`id`) ON DELETE SET NULL ON UPDATE CASCADE
) ENGINE=InnoDB AUTO_INCREMENT=4 DEFAULT CHARSET=utf8mb4 COLLATE=utf8mb4_unicode_ci COMMENT='Vị trí: tỉnh, huyện, xã';
/*!40101 SET character_set_client = @saved_cs_client */;

--
-- Dumping data for table `location`
--

LOCK TABLES `location` WRITE;
/*!40000 ALTER TABLE `location` DISABLE KEYS */;
INSERT INTO `location` VALUES (1,1,2,70,NULL),(2,1,1,NULL,NULL),(3,1,6,184,NULL);
/*!40000 ALTER TABLE `location` ENABLE KEYS */;
UNLOCK TABLES;

--
-- Table structure for table `location_district`
--

DROP TABLE IF EXISTS `location_district`;
/*!40101 SET @saved_cs_client     = @@character_set_client */;
/*!50503 SET character_set_client = utf8mb4 */;
CREATE TABLE `location_district` (
  `id` int NOT NULL AUTO_INCREMENT,
  `name` varchar(45) CHARACTER SET utf8mb4 COLLATE utf8mb4_unicode_ci NOT NULL,
  `province_id` int DEFAULT NULL,
  PRIMARY KEY (`id`),
  UNIQUE KEY `id_UNIQUE` (`id`),
  KEY `fk_district_province_idx` (`province_id`),
  CONSTRAINT `fk_district_province` FOREIGN KEY (`province_id`) REFERENCES `location_province` (`id`) ON DELETE SET NULL ON UPDATE CASCADE
) ENGINE=InnoDB AUTO_INCREMENT=974 DEFAULT CHARSET=utf8mb4 COLLATE=utf8mb4_unicode_ci COMMENT='Quận, huyện';
/*!40101 SET character_set_client = @saved_cs_client */;

--
-- Dumping data for table `location_district`
--

LOCK TABLES `location_district` WRITE;
/*!40000 ALTER TABLE `location_district` DISABLE KEYS */;
INSERT INTO `location_district` VALUES (1,'Quận Ba Đình',1),(2,'Quận Hoàn Kiếm',1),(3,'Quận Tây Hồ',1),(4,'Quận Long Biên',1),(5,'Quận Cầu Giấy',1),(6,'Quận Đống Đa',1),(7,'Quận Hai Bà Trưng',1),(8,'Quận Hoàng Mai',1),(9,'Quận Thanh Xuân',1),(16,'Huyện Sóc Sơn',1),(17,'Huyện Đông Anh',1),(18,'Huyện Gia Lâm',1),(19,'Quận Nam Từ Liêm',1),(20,'Huyện Thanh Trì',1),(21,'Quận Bắc Từ Liêm',1),(24,'Thành phố Hà Giang',2),(26,'Huyện Đồng Văn',2),(27,'Huyện Mèo Vạc',2),(28,'Huyện Yên Minh',2),(29,'Huyện Quản Bạ',2),(30,'Huyện Vị Xuyên',2),(31,'Huyện Bắc Mê',2),(32,'Huyện Hoàng Su Phì',2),(33,'Huyện Xín Mần',2),(34,'Huyện Bắc Quang',2),(35,'Huyện Quang Bình',2),(40,'Thành phố Cao Bằng',4),(42,'Huyện Bảo Lâm',4),(43,'Huyện Bảo Lạc',4),(45,'Huyện Hà Quảng',4),(47,'Huyện Trùng Khánh',4),(48,'Huyện Hạ Lang',4),(49,'Huyện Quảng Hòa',4),(51,'Huyện Hoà An',4),(52,'Huyện Nguyên Bình',4),(53,'Huyện Thạch An',4),(58,'Thành Phố Bắc Kạn',6),(60,'Huyện Pác Nặm',6),(61,'Huyện Ba Bể',6),(62,'Huyện Ngân Sơn',6),(63,'Huyện Bạch Thông',6),(64,'Huyện Chợ Đồn',6),(65,'Huyện Chợ Mới',6),(66,'Huyện Na Rì',6),(70,'Thành phố Tuyên Quang',8),(71,'Huyện Lâm Bình',8),(72,'Huyện Na Hang',8),(73,'Huyện Chiêm Hóa',8),(74,'Huyện Hàm Yên',8),(75,'Huyện Yên Sơn',8),(76,'Huyện Sơn Dương',8),(80,'Thành phố Lào Cai',10),(82,'Huyện Bát Xát',10),(83,'Huyện Mường Khương',10),(84,'Huyện Si Ma Cai',10),(85,'Huyện Bắc Hà',10),(86,'Huyện Bảo Thắng',10),(87,'Huyện Bảo Yên',10),(88,'Thị xã Sa Pa',10),(89,'Huyện Văn Bàn',10),(94,'Thành phố Điện Biên Phủ',11),(95,'Thị Xã Mường Lay',11),(96,'Huyện Mường Nhé',11),(97,'Huyện Mường Chà',11),(98,'Huyện Tủa Chùa',11),(99,'Huyện Tuần Giáo',11),(100,'Huyện Điện Biên',11),(101,'Huyện Điện Biên Đông',11),(102,'Huyện Mường Ảng',11),(103,'Huyện Nậm Pồ',11),(105,'Thành phố Lai Châu',12),(106,'Huyện Tam Đường',12),(107,'Huyện Mường Tè',12),(108,'Huyện Sìn Hồ',12),(109,'Huyện Phong Thổ',12),(110,'Huyện Than Uyên',12),(111,'Huyện Tân Uyên',12),(112,'Huyện Nậm Nhùn',12),(116,'Thành phố Sơn La',14),(118,'Huyện Quỳnh Nhai',14),(119,'Huyện Thuận Châu',14),(120,'Huyện Mường La',14),(121,'Huyện Bắc Yên',14),(122,'Huyện Phù Yên',14),(123,'Huyện Mộc Châu',14),(124,'Huyện Yên Châu',14),(125,'Huyện Mai Sơn',14),(126,'Huyện Sông Mã',14),(127,'Huyện Sốp Cộp',14),(128,'Huyện Vân Hồ',14),(132,'Thành phố Yên Bái',15),(133,'Thị xã Nghĩa Lộ',15),(135,'Huyện Lục Yên',15),(136,'Huyện Văn Yên',15),(137,'Huyện Mù Căng Chải',15),(138,'Huyện Trấn Yên',15),(139,'Huyện Trạm Tấu',15),(140,'Huyện Văn Chấn',15),(141,'Huyện Yên Bình',15),(148,'Thành phố Hòa Bình',17),(150,'Huyện Đà Bắc',17),(152,'Huyện Lương Sơn',17),(153,'Huyện Kim Bôi',17),(154,'Huyện Cao Phong',17),(155,'Huyện Tân Lạc',17),(156,'Huyện Mai Châu',17),(157,'Huyện Lạc Sơn',17),(158,'Huyện Yên Thủy',17),(159,'Huyện Lạc Thủy',17),(164,'Thành phố Thái Nguyên',19),(165,'Thành phố Sông Công',19),(167,'Huyện Định Hóa',19),(168,'Huyện Phú Lương',19),(169,'Huyện Đồng Hỷ',19),(170,'Huyện Võ Nhai',19),(171,'Huyện Đại Từ',19),(172,'Thành phố Phổ Yên',19),(173,'Huyện Phú Bình',19),(178,'Thành phố Lạng Sơn',20),(180,'Huyện Tràng Định',20),(181,'Huyện Bình Gia',20),(182,'Huyện Văn Lãng',20),(183,'Huyện Cao Lộc',20),(184,'Huyện Văn Quan',20),(185,'Huyện Bắc Sơn',20),(186,'Huyện Hữu Lũng',20),(187,'Huyện Chi Lăng',20),(188,'Huyện Lộc Bình',20),(189,'Huyện Đình Lập',20),(193,'Thành phố Hạ Long',22),(194,'Thành phố Móng Cái',22),(195,'Thành phố Cẩm Phả',22),(196,'Thành phố Uông Bí',22),(198,'Huyện Bình Liêu',22),(199,'Huyện Tiên Yên',22),(200,'Huyện Đầm Hà',22),(201,'Huyện Hải Hà',22),(202,'Huyện Ba Chẽ',22),(203,'Huyện Vân Đồn',22),(205,'Thị xã Đông Triều',22),(206,'Thị xã Quảng Yên',22),(207,'Huyện Cô Tô',22),(213,'Thành phố Bắc Giang',24),(215,'Huyện Yên Thế',24),(216,'Huyện Tân Yên',24),(217,'Huyện Lạng Giang',24),(218,'Huyện Lục Nam',24),(219,'Huyện Lục Ngạn',24),(220,'Huyện Sơn Động',24),(221,'Huyện Yên Dũng',24),(222,'Huyện Việt Yên',24),(223,'Huyện Hiệp Hòa',24),(227,'Thành phố Việt Trì',25),(228,'Thị xã Phú Thọ',25),(230,'Huyện Đoan Hùng',25),(231,'Huyện Hạ Hoà',25),(232,'Huyện Thanh Ba',25),(233,'Huyện Phù Ninh',25),(234,'Huyện Yên Lập',25),(235,'Huyện Cẩm Khê',25),(236,'Huyện Tam Nông',25),(237,'Huyện Lâm Thao',25),(238,'Huyện Thanh Sơn',25),(239,'Huyện Thanh Thuỷ',25),(240,'Huyện Tân Sơn',25),(243,'Thành phố Vĩnh Yên',26),(244,'Thành phố Phúc Yên',26),(246,'Huyện Lập Thạch',26),(247,'Huyện Tam Dương',26),(248,'Huyện Tam Đảo',26),(249,'Huyện Bình Xuyên',26),(250,'Huyện Mê Linh',1),(251,'Huyện Yên Lạc',26),(252,'Huyện Vĩnh Tường',26),(253,'Huyện Sông Lô',26),(256,'Thành phố Bắc Ninh',27),(258,'Huyện Yên Phong',27),(259,'Huyện Quế Võ',27),(260,'Huyện Tiên Du',27),(261,'Thành phố Từ Sơn',27),(262,'Huyện Thuận Thành',27),(263,'Huyện Gia Bình',27),(264,'Huyện Lương Tài',27),(268,'Quận Hà Đông',1),(269,'Thị xã Sơn Tây',1),(271,'Huyện Ba Vì',1),(272,'Huyện Phúc Thọ',1),(273,'Huyện Đan Phượng',1),(274,'Huyện Hoài Đức',1),(275,'Huyện Quốc Oai',1),(276,'Huyện Thạch Thất',1),(277,'Huyện Chương Mỹ',1),(278,'Huyện Thanh Oai',1),(279,'Huyện Thường Tín',1),(280,'Huyện Phú Xuyên',1),(281,'Huyện Ứng Hòa',1),(282,'Huyện Mỹ Đức',1),(288,'Thành phố Hải Dương',30),(290,'Thành phố Chí Linh',30),(291,'Huyện Nam Sách',30),(292,'Thị xã Kinh Môn',30),(293,'Huyện Kim Thành',30),(294,'Huyện Thanh Hà',30),(295,'Huyện Cẩm Giàng',30),(296,'Huyện Bình Giang',30),(297,'Huyện Gia Lộc',30),(298,'Huyện Tứ Kỳ',30),(299,'Huyện Ninh Giang',30),(300,'Huyện Thanh Miện',30),(303,'Quận Hồng Bàng',31),(304,'Quận Ngô Quyền',31),(305,'Quận Lê Chân',31),(306,'Quận Hải An',31),(307,'Quận Kiến An',31),(308,'Quận Đồ Sơn',31),(309,'Quận Dương Kinh',31),(311,'Huyện Thuỷ Nguyên',31),(312,'Huyện An Dương',31),(313,'Huyện An Lão',31),(314,'Huyện Kiến Thuỵ',31),(315,'Huyện Tiên Lãng',31),(316,'Huyện Vĩnh Bảo',31),(317,'Huyện Cát Hải',31),(318,'Huyện Bạch Long Vĩ',31),(323,'Thành phố Hưng Yên',33),(325,'Huyện Văn Lâm',33),(326,'Huyện Văn Giang',33),(327,'Huyện Yên Mỹ',33),(328,'Thị xã Mỹ Hào',33),(329,'Huyện Ân Thi',33),(330,'Huyện Khoái Châu',33),(331,'Huyện Kim Động',33),(332,'Huyện Tiên Lữ',33),(333,'Huyện Phù Cừ',33),(336,'Thành phố Thái Bình',34),(338,'Huyện Quỳnh Phụ',34),(339,'Huyện Hưng Hà',34),(340,'Huyện Đông Hưng',34),(341,'Huyện Thái Thụy',34),(342,'Huyện Tiền Hải',34),(343,'Huyện Kiến Xương',34),(344,'Huyện Vũ Thư',34),(347,'Thành phố Phủ Lý',35),(349,'Thị xã Duy Tiên',35),(350,'Huyện Kim Bảng',35),(351,'Huyện Thanh Liêm',35),(352,'Huyện Bình Lục',35),(353,'Huyện Lý Nhân',35),(356,'Thành phố Nam Định',36),(358,'Huyện Mỹ Lộc',36),(359,'Huyện Vụ Bản',36),(360,'Huyện Ý Yên',36),(361,'Huyện Nghĩa Hưng',36),(362,'Huyện Nam Trực',36),(363,'Huyện Trực Ninh',36),(364,'Huyện Xuân Trường',36),(365,'Huyện Giao Thủy',36),(366,'Huyện Hải Hậu',36),(369,'Thành phố Ninh Bình',37),(370,'Thành phố Tam Điệp',37),(372,'Huyện Nho Quan',37),(373,'Huyện Gia Viễn',37),(374,'Huyện Hoa Lư',37),(375,'Huyện Yên Khánh',37),(376,'Huyện Kim Sơn',37),(377,'Huyện Yên Mô',37),(380,'Thành phố Thanh Hóa',38),(381,'Thị xã Bỉm Sơn',38),(382,'Thành phố Sầm Sơn',38),(384,'Huyện Mường Lát',38),(385,'Huyện Quan Hóa',38),(386,'Huyện Bá Thước',38),(387,'Huyện Quan Sơn',38),(388,'Huyện Lang Chánh',38),(389,'Huyện Ngọc Lặc',38),(390,'Huyện Cẩm Thủy',38),(391,'Huyện Thạch Thành',38),(392,'Huyện Hà Trung',38),(393,'Huyện Vĩnh Lộc',38),(394,'Huyện Yên Định',38),(395,'Huyện Thọ Xuân',38),(396,'Huyện Thường Xuân',38),(397,'Huyện Triệu Sơn',38),(398,'Huyện Thiệu Hóa',38),(399,'Huyện Hoằng Hóa',38),(400,'Huyện Hậu Lộc',38),(401,'Huyện Nga Sơn',38),(402,'Huyện Như Xuân',38),(403,'Huyện Như Thanh',38),(404,'Huyện Nông Cống',38),(405,'Huyện Đông Sơn',38),(406,'Huyện Quảng Xương',38),(407,'Thị xã Nghi Sơn',38),(412,'Thành phố Vinh',40),(413,'Thị xã Cửa Lò',40),(414,'Thị xã Thái Hoà',40),(415,'Huyện Quế Phong',40),(416,'Huyện Quỳ Châu',40),(417,'Huyện Kỳ Sơn',40),(418,'Huyện Tương Dương',40),(419,'Huyện Nghĩa Đàn',40),(420,'Huyện Quỳ Hợp',40),(421,'Huyện Quỳnh Lưu',40),(422,'Huyện Con Cuông',40),(423,'Huyện Tân Kỳ',40),(424,'Huyện Anh Sơn',40),(425,'Huyện Diễn Châu',40),(426,'Huyện Yên Thành',40),(427,'Huyện Đô Lương',40),(428,'Huyện Thanh Chương',40),(429,'Huyện Nghi Lộc',40),(430,'Huyện Nam Đàn',40),(431,'Huyện Hưng Nguyên',40),(432,'Thị xã Hoàng Mai',40),(436,'Thành phố Hà Tĩnh',42),(437,'Thị xã Hồng Lĩnh',42),(439,'Huyện Hương Sơn',42),(440,'Huyện Đức Thọ',42),(441,'Huyện Vũ Quang',42),(442,'Huyện Nghi Xuân',42),(443,'Huyện Can Lộc',42),(444,'Huyện Hương Khê',42),(445,'Huyện Thạch Hà',42),(446,'Huyện Cẩm Xuyên',42),(447,'Huyện Kỳ Anh',42),(448,'Huyện Lộc Hà',42),(449,'Thị xã Kỳ Anh',42),(450,'Thành Phố Đồng Hới',44),(452,'Huyện Minh Hóa',44),(453,'Huyện Tuyên Hóa',44),(454,'Huyện Quảng Trạch',44),(455,'Huyện Bố Trạch',44),(456,'Huyện Quảng Ninh',44),(457,'Huyện Lệ Thủy',44),(458,'Thị xã Ba Đồn',44),(461,'Thành phố Đông Hà',45),(462,'Thị xã Quảng Trị',45),(464,'Huyện Vĩnh Linh',45),(465,'Huyện Hướng Hóa',45),(466,'Huyện Gio Linh',45),(467,'Huyện Đa Krông',45),(468,'Huyện Cam Lộ',45),(469,'Huyện Triệu Phong',45),(470,'Huyện Hải Lăng',45),(471,'Huyện Cồn Cỏ',45),(474,'Thành phố Huế',46),(476,'Huyện Phong Điền',46),(477,'Huyện Quảng Điền',46),(478,'Huyện Phú Vang',46),(479,'Thị xã Hương Thủy',46),(480,'Thị xã Hương Trà',46),(481,'Huyện A Lưới',46),(482,'Huyện Phú Lộc',46),(483,'Huyện Nam Đông',46),(490,'Quận Liên Chiểu',48),(491,'Quận Thanh Khê',48),(492,'Quận Hải Châu',48),(493,'Quận Sơn Trà',48),(494,'Quận Ngũ Hành Sơn',48),(495,'Quận Cẩm Lệ',48),(497,'Huyện Hòa Vang',48),(498,'Huyện Hoàng Sa',48),(502,'Thành phố Tam Kỳ',49),(503,'Thành phố Hội An',49),(504,'Huyện Tây Giang',49),(505,'Huyện Đông Giang',49),(506,'Huyện Đại Lộc',49),(507,'Thị xã Điện Bàn',49),(508,'Huyện Duy Xuyên',49),(509,'Huyện Quế Sơn',49),(510,'Huyện Nam Giang',49),(511,'Huyện Phước Sơn',49),(512,'Huyện Hiệp Đức',49),(513,'Huyện Thăng Bình',49),(514,'Huyện Tiên Phước',49),(515,'Huyện Bắc Trà My',49),(516,'Huyện Nam Trà My',49),(517,'Huyện Núi Thành',49),(518,'Huyện Phú Ninh',49),(519,'Huyện Nông Sơn',49),(522,'Thành phố Quảng Ngãi',51),(524,'Huyện Bình Sơn',51),(525,'Huyện Trà Bồng',51),(527,'Huyện Sơn Tịnh',51),(528,'Huyện Tư Nghĩa',51),(529,'Huyện Sơn Hà',51),(530,'Huyện Sơn Tây',51),(531,'Huyện Minh Long',51),(532,'Huyện Nghĩa Hành',51),(533,'Huyện Mộ Đức',51),(534,'Thị xã Đức Phổ',51),(535,'Huyện Ba Tơ',51),(536,'Huyện Lý Sơn',51),(540,'Thành phố Quy Nhơn',52),(543,'Thị xã Hoài Nhơn',52),(544,'Huyện Hoài Ân',52),(545,'Huyện Phù Mỹ',52),(546,'Huyện Vĩnh Thạnh',52),(547,'Huyện Tây Sơn',52),(548,'Huyện Phù Cát',52),(549,'Thị xã An Nhơn',52),(550,'Huyện Tuy Phước',52),(551,'Huyện Vân Canh',52),(555,'Thành phố Tuy Hoà',54),(557,'Thị xã Sông Cầu',54),(558,'Huyện Đồng Xuân',54),(559,'Huyện Tuy An',54),(560,'Huyện Sơn Hòa',54),(561,'Huyện Sông Hinh',54),(562,'Huyện Tây Hoà',54),(563,'Huyện Phú Hoà',54),(564,'Thị xã Đông Hòa',54),(568,'Thành phố Nha Trang',56),(569,'Thành phố Cam Ranh',56),(570,'Huyện Cam Lâm',56),(571,'Huyện Vạn Ninh',56),(572,'Thị xã Ninh Hòa',56),(573,'Huyện Khánh Vĩnh',56),(574,'Huyện Diên Khánh',56),(575,'Huyện Khánh Sơn',56),(576,'Huyện Trường Sa',56),(582,'Thành phố Phan Rang-Tháp Chàm',58),(584,'Huyện Bác Ái',58),(585,'Huyện Ninh Sơn',58),(586,'Huyện Ninh Hải',58),(587,'Huyện Ninh Phước',58),(588,'Huyện Thuận Bắc',58),(589,'Huyện Thuận Nam',58),(593,'Thành phố Phan Thiết',60),(594,'Thị xã La Gi',60),(595,'Huyện Tuy Phong',60),(596,'Huyện Bắc Bình',60),(597,'Huyện Hàm Thuận Bắc',60),(598,'Huyện Hàm Thuận Nam',60),(599,'Huyện Tánh Linh',60),(600,'Huyện Đức Linh',60),(601,'Huyện Hàm Tân',60),(602,'Huyện Phú Quí',60),(608,'Thành phố Kon Tum',62),(610,'Huyện Đắk Glei',62),(611,'Huyện Ngọc Hồi',62),(612,'Huyện Đắk Tô',62),(613,'Huyện Kon Plông',62),(614,'Huyện Kon Rẫy',62),(615,'Huyện Đắk Hà',62),(616,'Huyện Sa Thầy',62),(617,'Huyện Tu Mơ Rông',62),(618,'Huyện Ia H\' Drai',62),(622,'Thành phố Pleiku',64),(623,'Thị xã An Khê',64),(624,'Thị xã Ayun Pa',64),(625,'Huyện KBang',64),(626,'Huyện Đăk Đoa',64),(627,'Huyện Chư Păh',64),(628,'Huyện Ia Grai',64),(629,'Huyện Mang Yang',64),(630,'Huyện Kông Chro',64),(631,'Huyện Đức Cơ',64),(632,'Huyện Chư Prông',64),(633,'Huyện Chư Sê',64),(634,'Huyện Đăk Pơ',64),(635,'Huyện Ia Pa',64),(637,'Huyện Krông Pa',64),(638,'Huyện Phú Thiện',64),(639,'Huyện Chư Pưh',64),(643,'Thành phố Buôn Ma Thuột',66),(644,'Thị Xã Buôn Hồ',66),(645,'Huyện Ea H\'leo',66),(646,'Huyện Ea Súp',66),(647,'Huyện Buôn Đôn',66),(648,'Huyện Cư M\'gar',66),(649,'Huyện Krông Búk',66),(650,'Huyện Krông Năng',66),(651,'Huyện Ea Kar',66),(652,'Huyện M\'Đrắk',66),(653,'Huyện Krông Bông',66),(654,'Huyện Krông Pắc',66),(655,'Huyện Krông A Na',66),(656,'Huyện Lắk',66),(657,'Huyện Cư Kuin',66),(660,'Thành phố Gia Nghĩa',67),(661,'Huyện Đăk Glong',67),(662,'Huyện Cư Jút',67),(663,'Huyện Đắk Mil',67),(664,'Huyện Krông Nô',67),(665,'Huyện Đắk Song',67),(666,'Huyện Đắk R\'Lấp',67),(667,'Huyện Tuy Đức',67),(672,'Thành phố Đà Lạt',68),(673,'Thành phố Bảo Lộc',68),(674,'Huyện Đam Rông',68),(675,'Huyện Lạc Dương',68),(676,'Huyện Lâm Hà',68),(677,'Huyện Đơn Dương',68),(678,'Huyện Đức Trọng',68),(679,'Huyện Di Linh',68),(681,'Huyện Đạ Huoai',68),(682,'Huyện Đạ Tẻh',68),(683,'Huyện Cát Tiên',68),(688,'Thị xã Phước Long',70),(689,'Thành phố Đồng Xoài',70),(690,'Thị xã Bình Long',70),(691,'Huyện Bù Gia Mập',70),(692,'Huyện Lộc Ninh',70),(693,'Huyện Bù Đốp',70),(694,'Huyện Hớn Quản',70),(695,'Huyện Đồng Phú',70),(696,'Huyện Bù Đăng',70),(697,'Huyện Chơn Thành',70),(698,'Huyện Phú Riềng',70),(703,'Thành phố Tây Ninh',72),(705,'Huyện Tân Biên',72),(706,'Huyện Tân Châu',72),(707,'Huyện Dương Minh Châu',72),(708,'Huyện Châu Thành',72),(709,'Thị xã Hòa Thành',72),(710,'Huyện Gò Dầu',72),(711,'Huyện Bến Cầu',72),(712,'Thị xã Trảng Bàng',72),(718,'Thành phố Thủ Dầu Một',74),(719,'Huyện Bàu Bàng',74),(720,'Huyện Dầu Tiếng',74),(721,'Thị xã Bến Cát',74),(722,'Huyện Phú Giáo',74),(723,'Thị xã Tân Uyên',74),(724,'Thành phố Dĩ An',74),(725,'Thành phố Thuận An',74),(726,'Huyện Bắc Tân Uyên',74),(731,'Thành phố Biên Hòa',75),(732,'Thành phố Long Khánh',75),(734,'Huyện Tân Phú',75),(735,'Huyện Vĩnh Cửu',75),(736,'Huyện Định Quán',75),(737,'Huyện Trảng Bom',75),(738,'Huyện Thống Nhất',75),(739,'Huyện Cẩm Mỹ',75),(740,'Huyện Long Thành',75),(741,'Huyện Xuân Lộc',75),(742,'Huyện Nhơn Trạch',75),(747,'Thành phố Vũng Tàu',77),(748,'Thành phố Bà Rịa',77),(750,'Huyện Châu Đức',77),(751,'Huyện Xuyên Mộc',77),(752,'Huyện Long Điền',77),(753,'Huyện Đất Đỏ',77),(754,'Thị xã Phú Mỹ',77),(755,'Huyện Côn Đảo',77),(760,'Quận 1',79),(761,'Quận 12',79),(764,'Quận Gò Vấp',79),(765,'Quận Bình Thạnh',79),(766,'Quận Tân Bình',79),(767,'Quận Tân Phú',79),(768,'Quận Phú Nhuận',79),(769,'Thành phố Thủ Đức',79),(770,'Quận 3',79),(771,'Quận 10',79),(772,'Quận 11',79),(773,'Quận 4',79),(774,'Quận 5',79),(775,'Quận 6',79),(776,'Quận 8',79),(777,'Quận Bình Tân',79),(778,'Quận 7',79),(783,'Huyện Củ Chi',79),(784,'Huyện Hóc Môn',79),(785,'Huyện Bình Chánh',79),(786,'Huyện Nhà Bè',79),(787,'Huyện Cần Giờ',79),(794,'Thành phố Tân An',80),(795,'Thị xã Kiến Tường',80),(796,'Huyện Tân Hưng',80),(797,'Huyện Vĩnh Hưng',80),(798,'Huyện Mộc Hóa',80),(799,'Huyện Tân Thạnh',80),(800,'Huyện Thạnh Hóa',80),(801,'Huyện Đức Huệ',80),(802,'Huyện Đức Hòa',80),(803,'Huyện Bến Lức',80),(804,'Huyện Thủ Thừa',80),(805,'Huyện Tân Trụ',80),(806,'Huyện Cần Đước',80),(807,'Huyện Cần Giuộc',80),(815,'Thành phố Mỹ Tho',82),(816,'Thị xã Gò Công',82),(817,'Thị xã Cai Lậy',82),(818,'Huyện Tân Phước',82),(819,'Huyện Cái Bè',82),(820,'Huyện Cai Lậy',82),(822,'Huyện Chợ Gạo',82),(823,'Huyện Gò Công Tây',82),(824,'Huyện Gò Công Đông',82),(825,'Huyện Tân Phú Đông',82),(829,'Thành phố Bến Tre',83),(832,'Huyện Chợ Lách',83),(833,'Huyện Mỏ Cày Nam',83),(834,'Huyện Giồng Trôm',83),(835,'Huyện Bình Đại',83),(836,'Huyện Ba Tri',83),(837,'Huyện Thạnh Phú',83),(838,'Huyện Mỏ Cày Bắc',83),(842,'Thành phố Trà Vinh',84),(844,'Huyện Càng Long',84),(845,'Huyện Cầu Kè',84),(846,'Huyện Tiểu Cần',84),(848,'Huyện Cầu Ngang',84),(849,'Huyện Trà Cú',84),(850,'Huyện Duyên Hải',84),(851,'Thị xã Duyên Hải',84),(855,'Thành phố Vĩnh Long',86),(857,'Huyện Long Hồ',86),(858,'Huyện Mang Thít',86),(859,'Huyện  Vũng Liêm',86),(860,'Huyện Tam Bình',86),(861,'Thị xã Bình Minh',86),(862,'Huyện Trà Ôn',86),(863,'Huyện Bình Tân',86),(866,'Thành phố Cao Lãnh',87),(867,'Thành phố Sa Đéc',87),(868,'Thành phố Hồng Ngự',87),(869,'Huyện Tân Hồng',87),(870,'Huyện Hồng Ngự',87),(872,'Huyện Tháp Mười',87),(873,'Huyện Cao Lãnh',87),(874,'Huyện Thanh Bình',87),(875,'Huyện Lấp Vò',87),(876,'Huyện Lai Vung',87),(883,'Thành phố Long Xuyên',89),(884,'Thành phố Châu Đốc',89),(886,'Huyện An Phú',89),(887,'Thị xã Tân Châu',89),(888,'Huyện Phú Tân',89),(889,'Huyện Châu Phú',89),(890,'Huyện Tịnh Biên',89),(891,'Huyện Tri Tôn',89),(894,'Huyện Thoại Sơn',89),(899,'Thành phố Rạch Giá',91),(900,'Thành phố Hà Tiên',91),(902,'Huyện Kiên Lương',91),(903,'Huyện Hòn Đất',91),(904,'Huyện Tân Hiệp',91),(906,'Huyện Giồng Riềng',91),(907,'Huyện Gò Quao',91),(908,'Huyện An Biên',91),(909,'Huyện An Minh',91),(910,'Huyện Vĩnh Thuận',91),(911,'Thành phố Phú Quốc',91),(912,'Huyện Kiên Hải',91),(913,'Huyện U Minh Thượng',91),(914,'Huyện Giang Thành',91),(916,'Quận Ninh Kiều',92),(917,'Quận Ô Môn',92),(918,'Quận Bình Thuỷ',92),(919,'Quận Cái Răng',92),(923,'Quận Thốt Nốt',92),(925,'Huyện Cờ Đỏ',92),(927,'Huyện Thới Lai',92),(930,'Thành phố Vị Thanh',93),(931,'Thành phố Ngã Bảy',93),(932,'Huyện Châu Thành A',93),(934,'Huyện Phụng Hiệp',93),(935,'Huyện Vị Thuỷ',93),(936,'Huyện Long Mỹ',93),(937,'Thị xã Long Mỹ',93),(941,'Thành phố Sóc Trăng',94),(943,'Huyện Kế Sách',94),(944,'Huyện Mỹ Tú',94),(945,'Huyện Cù Lao Dung',94),(946,'Huyện Long Phú',94),(947,'Huyện Mỹ Xuyên',94),(948,'Thị xã Ngã Năm',94),(949,'Huyện Thạnh Trị',94),(950,'Thị xã Vĩnh Châu',94),(951,'Huyện Trần Đề',94),(954,'Thành phố Bạc Liêu',95),(956,'Huyện Hồng Dân',95),(957,'Huyện Phước Long',95),(958,'Huyện Vĩnh Lợi',95),(959,'Thị xã Giá Rai',95),(960,'Huyện Đông Hải',95),(961,'Huyện Hoà Bình',95),(964,'Thành phố Cà Mau',96),(966,'Huyện U Minh',96),(967,'Huyện Thới Bình',96),(968,'Huyện Trần Văn Thời',96),(969,'Huyện Cái Nước',96),(970,'Huyện Đầm Dơi',96),(971,'Huyện Năm Căn',96),(973,'Huyện Ngọc Hiển',96);
/*!40000 ALTER TABLE `location_district` ENABLE KEYS */;
UNLOCK TABLES;

--
-- Table structure for table `location_province`
--

DROP TABLE IF EXISTS `location_province`;
/*!40101 SET @saved_cs_client     = @@character_set_client */;
/*!50503 SET character_set_client = utf8mb4 */;
CREATE TABLE `location_province` (
  `id` int NOT NULL AUTO_INCREMENT,
  `name` varchar(45) CHARACTER SET utf8mb4 COLLATE utf8mb4_unicode_ci NOT NULL,
  PRIMARY KEY (`id`),
  UNIQUE KEY `name_UNIQUE` (`name`),
  UNIQUE KEY `id_UNIQUE` (`id`)
) ENGINE=InnoDB AUTO_INCREMENT=97 DEFAULT CHARSET=utf8mb4 COLLATE=utf8mb4_unicode_ci COMMENT='Tỉnh, thành phố trực thuộc trung ương';
/*!40101 SET character_set_client = @saved_cs_client */;

--
-- Dumping data for table `location_province`
--

LOCK TABLES `location_province` WRITE;
/*!40000 ALTER TABLE `location_province` DISABLE KEYS */;
INSERT INTO `location_province` VALUES (92,'Thành phố Cần Thơ'),(48,'Thành phố Đà Nẵng'),(1,'Thành phố Hà Nội'),(31,'Thành phố Hải Phòng'),(79,'Thành phố Hồ Chí Minh'),(89,'Tỉnh An Giang'),(77,'Tỉnh Bà Rịa - Vũng Tàu'),(24,'Tỉnh Bắc Giang'),(6,'Tỉnh Bắc Kạn'),(95,'Tỉnh Bạc Liêu'),(27,'Tỉnh Bắc Ninh'),(83,'Tỉnh Bến Tre'),(74,'Tỉnh Bình Dương'),(52,'Tỉnh Bình Định'),(70,'Tỉnh Bình Phước'),(60,'Tỉnh Bình Thuận'),(96,'Tỉnh Cà Mau'),(4,'Tỉnh Cao Bằng'),(66,'Tỉnh Đắk Lắk'),(67,'Tỉnh Đắk Nông'),(11,'Tỉnh Điện Biên'),(75,'Tỉnh Đồng Nai'),(87,'Tỉnh Đồng Tháp'),(64,'Tỉnh Gia Lai'),(2,'Tỉnh Hà Giang'),(35,'Tỉnh Hà Nam'),(42,'Tỉnh Hà Tĩnh'),(30,'Tỉnh Hải Dương'),(93,'Tỉnh Hậu Giang'),(17,'Tỉnh Hoà Bình'),(33,'Tỉnh Hưng Yên'),(56,'Tỉnh Khánh Hòa'),(91,'Tỉnh Kiên Giang'),(62,'Tỉnh Kon Tum'),(12,'Tỉnh Lai Châu'),(68,'Tỉnh Lâm Đồng'),(20,'Tỉnh Lạng Sơn'),(10,'Tỉnh Lào Cai'),(80,'Tỉnh Long An'),(36,'Tỉnh Nam Định'),(40,'Tỉnh Nghệ An'),(37,'Tỉnh Ninh Bình'),(58,'Tỉnh Ninh Thuận'),(25,'Tỉnh Phú Thọ'),(54,'Tỉnh Phú Yên'),(44,'Tỉnh Quảng Bình'),(49,'Tỉnh Quảng Nam'),(51,'Tỉnh Quảng Ngãi'),(22,'Tỉnh Quảng Ninh'),(45,'Tỉnh Quảng Trị'),(94,'Tỉnh Sóc Trăng'),(14,'Tỉnh Sơn La'),(72,'Tỉnh Tây Ninh'),(34,'Tỉnh Thái Bình'),(19,'Tỉnh Thái Nguyên'),(38,'Tỉnh Thanh Hóa'),(46,'Tỉnh Thừa Thiên Huế'),(82,'Tỉnh Tiền Giang'),(84,'Tỉnh Trà Vinh'),(8,'Tỉnh Tuyên Quang'),(86,'Tỉnh Vĩnh Long'),(26,'Tỉnh Vĩnh Phúc'),(15,'Tỉnh Yên Bái');
/*!40000 ALTER TABLE `location_province` ENABLE KEYS */;
UNLOCK TABLES;

--
-- Table structure for table `location_ward`
--

DROP TABLE IF EXISTS `location_ward`;
/*!40101 SET @saved_cs_client     = @@character_set_client */;
/*!50503 SET character_set_client = utf8mb4 */;
CREATE TABLE `location_ward` (
  `id` int NOT NULL AUTO_INCREMENT,
  `name` varchar(45) CHARACTER SET utf8mb4 COLLATE utf8mb4_unicode_ci NOT NULL,
  `district_id` int DEFAULT NULL,
  `province_id` int DEFAULT NULL,
  PRIMARY KEY (`id`),
  UNIQUE KEY `id_UNIQUE` (`id`),
  KEY `fk_ward_district_idx` (`district_id`),
  KEY `fk_ward_province_idx` (`province_id`),
  CONSTRAINT `fk_ward_district` FOREIGN KEY (`district_id`) REFERENCES `location_district` (`id`) ON DELETE SET NULL ON UPDATE CASCADE,
  CONSTRAINT `fk_ward_province` FOREIGN KEY (`province_id`) REFERENCES `location_province` (`id`) ON DELETE SET NULL ON UPDATE CASCADE
) ENGINE=InnoDB AUTO_INCREMENT=11948 DEFAULT CHARSET=utf8mb4 COLLATE=utf8mb4_unicode_ci COMMENT='Xã, phường';
/*!40101 SET character_set_client = @saved_cs_client */;

--
-- Dumping data for table `location_ward`
--

LOCK TABLES `location_ward` WRITE;
/*!40000 ALTER TABLE `location_ward` DISABLE KEYS */;
INSERT INTO `location_ward` VALUES (1,'Phường Phúc Xá',1,1),(4,'Phường Trúc Bạch',1,1),(6,'Phường Vĩnh Phúc',1,1),(7,'Phường Cống Vị',1,1),(8,'Phường Liễu Giai',1,1),(10,'Phường Nguyễn Trung Trực',1,1),(13,'Phường Quán Thánh',1,1),(16,'Phường Ngọc Hà',1,1),(19,'Phường Điện Biên',1,1),(22,'Phường Đội Cấn',1,1),(25,'Phường Ngọc Khánh',1,1),(28,'Phường Kim Mã',1,1),(31,'Phường Giảng Võ',1,1),(34,'Phường Thành Công',1,1),(37,'Phường Phúc Tân',2,1),(40,'Phường Đồng Xuân',2,1),(43,'Phường Hàng Mã',2,1),(46,'Phường Hàng Buồm',2,1),(49,'Phường Hàng Đào',2,1),(52,'Phường Hàng Bồ',2,1),(55,'Phường Cửa Đông',2,1),(58,'Phường Lý Thái Tổ',2,1),(61,'Phường Hàng Bạc',2,1),(64,'Phường Hàng Gai',2,1),(67,'Phường Chương Dương',2,1),(70,'Phường Hàng Trống',2,1),(73,'Phường Cửa Nam',2,1),(76,'Phường Hàng Bông',2,1),(79,'Phường Tràng Tiền',2,1),(82,'Phường Trần Hưng Đạo',2,1),(85,'Phường Phan Chu Trinh',2,1),(88,'Phường Hàng Bài',2,1),(91,'Phường Phú Thượng',3,1),(94,'Phường Nhật Tân',3,1),(97,'Phường Tứ Liên',3,1),(100,'Phường Quảng An',3,1),(103,'Phường Xuân La',3,1),(106,'Phường Yên Phụ',3,1),(109,'Phường Bưởi',3,1),(112,'Phường Thụy Khuê',3,1),(115,'Phường Thượng Thanh',4,1),(118,'Phường Ngọc Thụy',4,1),(121,'Phường Giang Biên',4,1),(124,'Phường Đức Giang',4,1),(127,'Phường Việt Hưng',4,1),(130,'Phường Gia Thụy',4,1),(133,'Phường Ngọc Lâm',4,1),(136,'Phường Phúc Lợi',4,1),(139,'Phường Bồ Đề',4,1),(142,'Phường Sài Đồng',4,1),(145,'Phường Long Biên',4,1),(148,'Phường Thạch Bàn',4,1),(151,'Phường Phúc Đồng',4,1),(154,'Phường Cự Khối',4,1),(157,'Phường Nghĩa Đô',5,1),(160,'Phường Nghĩa Tân',5,1),(163,'Phường Mai Dịch',5,1),(166,'Phường Dịch Vọng',5,1),(167,'Phường Dịch Vọng Hậu',5,1),(169,'Phường Quan Hoa',5,1),(172,'Phường Yên Hoà',5,1),(175,'Phường Trung Hoà',5,1),(178,'Phường Cát Linh',6,1),(181,'Phường Văn Miếu',6,1),(184,'Phường Quốc Tử Giám',6,1),(187,'Phường Láng Thượng',6,1),(190,'Phường Ô Chợ Dừa',6,1),(193,'Phường Văn Chương',6,1),(196,'Phường Hàng Bột',6,1),(199,'Phường Láng Hạ',6,1),(202,'Phường Khâm Thiên',6,1),(205,'Phường Thổ Quan',6,1),(208,'Phường Nam Đồng',6,1),(211,'Phường Trung Phụng',6,1),(214,'Phường Quang Trung',6,1),(217,'Phường Trung Liệt',6,1),(220,'Phường Phương Liên',6,1),(223,'Phường Thịnh Quang',6,1),(226,'Phường Trung Tự',6,1),(229,'Phường Kim Liên',6,1),(232,'Phường Phương Mai',6,1),(235,'Phường Ngã Tư Sở',6,1),(238,'Phường Khương Thượng',6,1),(241,'Phường Nguyễn Du',7,1),(244,'Phường Bạch Đằng',7,1),(247,'Phường Phạm Đình Hổ',7,1),(256,'Phường Lê Đại Hành',7,1),(259,'Phường Đồng Nhân',7,1),(262,'Phường Phố Huế',7,1),(265,'Phường Đống Mác',7,1),(268,'Phường Thanh Lương',7,1),(271,'Phường Thanh Nhàn',7,1),(274,'Phường Cầu Dền',7,1),(277,'Phường Bách Khoa',7,1),(280,'Phường Đồng Tâm',7,1),(283,'Phường Vĩnh Tuy',7,1),(286,'Phường Bạch Mai',7,1),(289,'Phường Quỳnh Mai',7,1),(292,'Phường Quỳnh Lôi',7,1),(295,'Phường Minh Khai',7,1),(298,'Phường Trương Định',7,1),(301,'Phường Thanh Trì',8,1),(304,'Phường Vĩnh Hưng',8,1),(307,'Phường Định Công',8,1),(310,'Phường Mai Động',8,1),(313,'Phường Tương Mai',8,1),(316,'Phường Đại Kim',8,1),(319,'Phường Tân Mai',8,1),(322,'Phường Hoàng Văn Thụ',8,1),(325,'Phường Giáp Bát',8,1),(328,'Phường Lĩnh Nam',8,1),(331,'Phường Thịnh Liệt',8,1),(334,'Phường Trần Phú',8,1),(337,'Phường Hoàng Liệt',8,1),(340,'Phường Yên Sở',8,1),(343,'Phường Nhân Chính',9,1),(346,'Phường Thượng Đình',9,1),(349,'Phường Khương Trung',9,1),(352,'Phường Khương Mai',9,1),(355,'Phường Thanh Xuân Trung',9,1),(358,'Phường Phương Liệt',9,1),(361,'Phường Hạ Đình',9,1),(364,'Phường Khương Đình',9,1),(367,'Phường Thanh Xuân Bắc',9,1),(370,'Phường Thanh Xuân Nam',9,1),(373,'Phường Kim Giang',9,1),(376,'Thị trấn Sóc Sơn',16,1),(379,'Xã Bắc Sơn',16,1),(382,'Xã Minh Trí',16,1),(385,'Xã Hồng Kỳ',16,1),(388,'Xã Nam Sơn',16,1),(391,'Xã Trung Giã',16,1),(394,'Xã Tân Hưng',16,1),(397,'Xã Minh Phú',16,1),(400,'Xã Phù Linh',16,1),(403,'Xã Bắc Phú',16,1),(406,'Xã Tân Minh',16,1),(409,'Xã Quang Tiến',16,1),(412,'Xã Hiền Ninh',16,1),(415,'Xã Tân Dân',16,1),(418,'Xã Tiên Dược',16,1),(421,'Xã Việt Long',16,1),(424,'Xã Xuân Giang',16,1),(427,'Xã Mai Đình',16,1),(430,'Xã Đức Hoà',16,1),(433,'Xã Thanh Xuân',16,1),(436,'Xã Đông Xuân',16,1),(439,'Xã Kim Lũ',16,1),(442,'Xã Phú Cường',16,1),(445,'Xã Phú Minh',16,1),(448,'Xã Phù Lỗ',16,1),(451,'Xã Xuân Thu',16,1),(454,'Thị trấn Đông Anh',17,1),(457,'Xã Xuân Nộn',17,1),(460,'Xã Thuỵ Lâm',17,1),(463,'Xã Bắc Hồng',17,1),(466,'Xã Nguyên Khê',17,1),(469,'Xã Nam Hồng',17,1),(472,'Xã Tiên Dương',17,1),(475,'Xã Vân Hà',17,1),(478,'Xã Uy Nỗ',17,1),(481,'Xã Vân Nội',17,1),(484,'Xã Liên Hà',17,1),(487,'Xã Việt Hùng',17,1),(490,'Xã Kim Nỗ',17,1),(493,'Xã Kim Chung',17,1),(496,'Xã Dục Tú',17,1),(499,'Xã Đại Mạch',17,1),(502,'Xã Vĩnh Ngọc',17,1),(505,'Xã Cổ Loa',17,1),(508,'Xã Hải Bối',17,1),(511,'Xã Xuân Canh',17,1),(514,'Xã Võng La',17,1),(517,'Xã Tàm Xá',17,1),(520,'Xã Mai Lâm',17,1),(523,'Xã Đông Hội',17,1),(526,'Thị trấn Yên Viên',18,1),(529,'Xã Yên Thường',18,1),(532,'Xã Yên Viên',18,1),(535,'Xã Ninh Hiệp',18,1),(538,'Xã Đình Xuyên',18,1),(541,'Xã Dương Hà',18,1),(544,'Xã Phù Đổng',18,1),(547,'Xã Trung Mầu',18,1),(550,'Xã Lệ Chi',18,1),(553,'Xã Cổ Bi',18,1),(556,'Xã Đặng Xá',18,1),(559,'Xã Phú Thị',18,1),(562,'Xã Kim Sơn',18,1),(565,'Thị trấn Trâu Quỳ',18,1),(568,'Xã Dương Quang',18,1),(571,'Xã Dương Xá',18,1),(574,'Xã Đông Dư',18,1),(577,'Xã Đa Tốn',18,1),(580,'Xã Kiêu Kỵ',18,1),(583,'Xã Bát Tràng',18,1),(586,'Xã Kim Lan',18,1),(589,'Xã Văn Đức',18,1),(592,'Phường Cầu Diễn',19,1),(595,'Phường Thượng Cát',21,1),(598,'Phường Liên Mạc',21,1),(601,'Phường Đông Ngạc',21,1),(602,'Phường Đức Thắng',21,1),(604,'Phường Thụy Phương',21,1),(607,'Phường Tây Tựu',21,1),(610,'Phường Xuân Đỉnh',21,1),(611,'Phường Xuân Tảo',21,1),(613,'Phường Minh Khai',21,1),(616,'Phường Cổ Nhuế 1',21,1),(617,'Phường Cổ Nhuế 2',21,1),(619,'Phường Phú Diễn',21,1),(620,'Phường Phúc Diễn',21,1),(622,'Phường Xuân Phương',19,1),(623,'Phường Phương Canh',19,1),(625,'Phường Mỹ Đình 1',19,1),(626,'Phường Mỹ Đình 2',19,1),(628,'Phường Tây Mỗ',19,1),(631,'Phường Mễ Trì',19,1),(632,'Phường Phú Đô',19,1),(634,'Phường Đại Mỗ',19,1),(637,'Phường Trung Văn',19,1),(640,'Thị trấn Văn Điển',20,1),(643,'Xã Tân Triều',20,1),(646,'Xã Thanh Liệt',20,1),(649,'Xã Tả Thanh Oai',20,1),(652,'Xã Hữu Hoà',20,1),(655,'Xã Tam Hiệp',20,1),(658,'Xã Tứ Hiệp',20,1),(661,'Xã Yên Mỹ',20,1),(664,'Xã Vĩnh Quỳnh',20,1),(667,'Xã Ngũ Hiệp',20,1),(670,'Xã Duyên Hà',20,1),(673,'Xã Ngọc Hồi',20,1),(676,'Xã Vạn Phúc',20,1),(679,'Xã Đại áng',20,1),(682,'Xã Liên Ninh',20,1),(685,'Xã Đông Mỹ',20,1),(688,'Phường Quang Trung',24,2),(691,'Phường Trần Phú',24,2),(692,'Phường Ngọc Hà',24,2),(694,'Phường Nguyễn Trãi',24,2),(697,'Phường Minh Khai',24,2),(700,'Xã Ngọc Đường',24,2),(703,'Xã Kim Thạch',30,2),(706,'Xã Phú Linh',30,2),(709,'Xã Kim Linh',30,2),(712,'Thị trấn Phó Bảng',26,2),(715,'Xã Lũng Cú',26,2),(718,'Xã Má Lé',26,2),(721,'Thị trấn Đồng Văn',26,2),(724,'Xã Lũng Táo',26,2),(727,'Xã Phố Là',26,2),(730,'Xã Thài Phìn Tủng',26,2),(733,'Xã Sủng Là',26,2),(736,'Xã Xà Phìn',26,2),(739,'Xã Tả Phìn',26,2),(742,'Xã Tả Lủng',26,2),(745,'Xã Phố Cáo',26,2),(748,'Xã Sính Lủng',26,2),(751,'Xã Sảng Tủng',26,2),(754,'Xã Lũng Thầu',26,2),(757,'Xã Hố Quáng Phìn',26,2),(760,'Xã Vần Chải',26,2),(763,'Xã Lũng Phìn',26,2),(766,'Xã Sủng Trái',26,2),(769,'Thị trấn Mèo Vạc',27,2),(772,'Xã Thượng Phùng',27,2),(775,'Xã Pải Lủng',27,2),(778,'Xã Xín Cái',27,2),(781,'Xã Pả Vi',27,2),(784,'Xã Giàng Chu Phìn',27,2),(787,'Xã Sủng Trà',27,2),(790,'Xã Sủng Máng',27,2),(793,'Xã Sơn Vĩ',27,2),(796,'Xã Tả Lủng',27,2),(799,'Xã Cán Chu Phìn',27,2),(802,'Xã Lũng Pù',27,2),(805,'Xã Lũng Chinh',27,2),(808,'Xã Tát Ngà',27,2),(811,'Xã Nậm Ban',27,2),(814,'Xã Khâu Vai',27,2),(815,'Xã Niêm Tòng',27,2),(817,'Xã Niêm Sơn',27,2),(820,'Thị trấn Yên Minh',28,2),(823,'Xã Thắng Mố',28,2),(826,'Xã Phú Lũng',28,2),(829,'Xã Sủng Tráng',28,2),(832,'Xã Bạch Đích',28,2),(835,'Xã Na Khê',28,2),(838,'Xã Sủng Thài',28,2),(841,'Xã Hữu Vinh',28,2),(844,'Xã Lao Và Chải',28,2),(847,'Xã Mậu Duệ',28,2),(850,'Xã Đông Minh',28,2),(853,'Xã Mậu Long',28,2),(856,'Xã Ngam La',28,2),(859,'Xã Ngọc Long',28,2),(862,'Xã Đường Thượng',28,2),(865,'Xã Lũng Hồ',28,2),(868,'Xã Du Tiến',28,2),(871,'Xã Du Già',28,2),(874,'Thị trấn Tam Sơn',29,2),(877,'Xã Bát Đại Sơn',29,2),(880,'Xã Nghĩa Thuận',29,2),(883,'Xã Cán Tỷ',29,2),(886,'Xã Cao Mã Pờ',29,2),(889,'Xã Thanh Vân',29,2),(892,'Xã Tùng Vài',29,2),(895,'Xã Đông Hà',29,2),(898,'Xã Quản Bạ',29,2),(901,'Xã Lùng Tám',29,2),(904,'Xã Quyết Tiến',29,2),(907,'Xã Tả Ván',29,2),(910,'Xã Thái An',29,2),(913,'Thị trấn Vị Xuyên',30,2),(916,'Thị trấn Nông Trường Việt Lâm',30,2),(919,'Xã Minh Tân',30,2),(922,'Xã Thuận Hoà',30,2),(925,'Xã Tùng Bá',30,2),(928,'Xã Thanh Thủy',30,2),(931,'Xã Thanh Đức',30,2),(934,'Xã Phong Quang',30,2),(937,'Xã Xín Chải',30,2),(940,'Xã Phương Tiến',30,2),(943,'Xã Lao Chải',30,2),(946,'Xã Phương Độ',24,2),(949,'Xã Phương Thiện',24,2),(952,'Xã Cao Bồ',30,2),(955,'Xã Đạo Đức',30,2),(958,'Xã Thượng Sơn',30,2),(961,'Xã Linh Hồ',30,2),(964,'Xã Quảng Ngần',30,2),(967,'Xã Việt Lâm',30,2),(970,'Xã Ngọc Linh',30,2),(973,'Xã Ngọc Minh',30,2),(976,'Xã Bạch Ngọc',30,2),(979,'Xã Trung Thành',30,2),(982,'Xã Minh Sơn',31,2),(985,'Xã Giáp Trung',31,2),(988,'Xã Yên Định',31,2),(991,'Thị trấn Yên Phú',31,2),(994,'Xã Minh Ngọc',31,2),(997,'Xã Yên Phong',31,2),(1000,'Xã Lạc Nông',31,2),(1003,'Xã Phú Nam',31,2),(1006,'Xã Yên Cường',31,2),(1009,'Xã Thượng Tân',31,2),(1012,'Xã Đường Âm',31,2),(1015,'Xã Đường Hồng',31,2),(1018,'Xã Phiêng Luông',31,2),(1021,'Thị trấn Vinh Quang',32,2),(1024,'Xã Bản Máy',32,2),(1027,'Xã Thàng Tín',32,2),(1030,'Xã Thèn Chu Phìn',32,2),(1033,'Xã Pố Lồ',32,2),(1036,'Xã Bản Phùng',32,2),(1039,'Xã Túng Sán',32,2),(1042,'Xã Chiến Phố',32,2),(1045,'Xã Đản Ván',32,2),(1048,'Xã Tụ Nhân',32,2),(1051,'Xã Tân Tiến',32,2),(1054,'Xã Nàng Đôn',32,2),(1057,'Xã Pờ Ly Ngài',32,2),(1060,'Xã Sán Xả Hồ',32,2),(1063,'Xã Bản Luốc',32,2),(1066,'Xã Ngàm Đăng Vài',32,2),(1069,'Xã Bản Nhùng',32,2),(1072,'Xã Tả Sử Choóng',32,2),(1075,'Xã Nậm Dịch',32,2),(1081,'Xã Hồ Thầu',32,2),(1084,'Xã Nam Sơn',32,2),(1087,'Xã Nậm Tỵ',32,2),(1090,'Xã Thông Nguyên',32,2),(1093,'Xã Nậm Khòa',32,2),(1096,'Thị trấn Cốc Pài',33,2),(1099,'Xã Nàn Xỉn',33,2),(1102,'Xã Bản Díu',33,2),(1105,'Xã Chí Cà',33,2),(1108,'Xã Xín Mần',33,2),(1114,'Xã Thèn Phàng',33,2),(1117,'Xã Trung Thịnh',33,2),(1120,'Xã Pà Vầy Sủ',33,2),(1123,'Xã Cốc Rế',33,2),(1126,'Xã Thu Tà',33,2),(1129,'Xã Nàn Ma',33,2),(1132,'Xã Tả Nhìu',33,2),(1135,'Xã Bản Ngò',33,2),(1138,'Xã Chế Là',33,2),(1141,'Xã Nấm Dẩn',33,2),(1144,'Xã Quảng Nguyên',33,2),(1147,'Xã Nà Chì',33,2),(1150,'Xã Khuôn Lùng',33,2),(1153,'Thị trấn Việt Quang',34,2),(1156,'Thị trấn Vĩnh Tuy',34,2),(1159,'Xã Tân Lập',34,2),(1162,'Xã Tân Thành',34,2),(1165,'Xã Đồng Tiến',34,2),(1168,'Xã Đồng Tâm',34,2),(1171,'Xã Tân Quang',34,2),(1174,'Xã Thượng Bình',34,2),(1177,'Xã Hữu Sản',34,2),(1180,'Xã Kim Ngọc',34,2),(1183,'Xã Việt Vinh',34,2),(1186,'Xã Bằng Hành',34,2),(1189,'Xã Quang Minh',34,2),(1192,'Xã Liên Hiệp',34,2),(1195,'Xã Vô Điếm',34,2),(1198,'Xã Việt Hồng',34,2),(1201,'Xã Hùng An',34,2),(1204,'Xã Đức Xuân',34,2),(1207,'Xã Tiên Kiều',34,2),(1210,'Xã Vĩnh Hảo',34,2),(1213,'Xã Vĩnh Phúc',34,2),(1216,'Xã Đồng Yên',34,2),(1219,'Xã Đông Thành',34,2),(1222,'Xã Xuân Minh',35,2),(1225,'Xã Tiên Nguyên',35,2),(1228,'Xã Tân Nam',35,2),(1231,'Xã Bản Rịa',35,2),(1234,'Xã Yên Thành',35,2),(1237,'Thị trấn Yên Bình',35,2),(1240,'Xã Tân Trịnh',35,2),(1243,'Xã Tân Bắc',35,2),(1246,'Xã Bằng Lang',35,2),(1249,'Xã Yên Hà',35,2),(1252,'Xã Hương Sơn',35,2),(1255,'Xã Xuân Giang',35,2),(1258,'Xã Nà Khương',35,2),(1261,'Xã Tiên Yên',35,2),(1264,'Xã Vĩ Thượng',35,2),(1267,'Phường Sông Hiến',40,4),(1270,'Phường Sông Bằng',40,4),(1273,'Phường Hợp Giang',40,4),(1276,'Phường Tân Giang',40,4),(1279,'Phường Ngọc Xuân',40,4),(1282,'Phường Đề Thám',40,4),(1285,'Phường Hoà Chung',40,4),(1288,'Phường Duyệt Trung',40,4),(1290,'Thị trấn Pác Miầu',42,4),(1291,'Xã Đức Hạnh',42,4),(1294,'Xã Lý Bôn',42,4),(1296,'Xã Nam Cao',42,4),(1297,'Xã Nam Quang',42,4),(1300,'Xã Vĩnh Quang',42,4),(1303,'Xã Quảng Lâm',42,4),(1304,'Xã Thạch Lâm',42,4),(1309,'Xã Vĩnh Phong',42,4),(1312,'Xã Mông Ân',42,4),(1315,'Xã Thái Học',42,4),(1316,'Xã Thái Sơn',42,4),(1318,'Xã Yên Thổ',42,4),(1321,'Thị trấn Bảo Lạc',43,4),(1324,'Xã Cốc Pàng',43,4),(1327,'Xã Thượng Hà',43,4),(1330,'Xã Cô Ba',43,4),(1333,'Xã Bảo Toàn',43,4),(1336,'Xã Khánh Xuân',43,4),(1339,'Xã Xuân Trường',43,4),(1342,'Xã Hồng Trị',43,4),(1343,'Xã Kim Cúc',43,4),(1345,'Xã Phan Thanh',43,4),(1348,'Xã Hồng An',43,4),(1351,'Xã Hưng Đạo',43,4),(1352,'Xã Hưng Thịnh',43,4),(1354,'Xã Huy Giáp',43,4),(1357,'Xã Đình Phùng',43,4),(1359,'Xã Sơn Lập',43,4),(1360,'Xã Sơn Lộ',43,4),(1363,'Thị trấn Thông Nông',45,4),(1366,'Xã Cần Yên',45,4),(1367,'Xã Cần Nông',45,4),(1372,'Xã Lương Thông',45,4),(1375,'Xã Đa Thông',45,4),(1378,'Xã Ngọc Động',45,4),(1381,'Xã Yên Sơn',45,4),(1384,'Xã Lương Can',45,4),(1387,'Xã Thanh Long',45,4),(1392,'Thị trấn Xuân Hòa',45,4),(1393,'Xã Lũng Nặm',45,4),(1399,'Xã Trường Hà',45,4),(1402,'Xã Cải Viên',45,4),(1411,'Xã Nội Thôn',45,4),(1414,'Xã Tổng Cọt',45,4),(1417,'Xã Sóc Hà',45,4),(1420,'Xã Thượng Thôn',45,4),(1429,'Xã Hồng Sỹ',45,4),(1432,'Xã Quý Quân',45,4),(1435,'Xã Mã Ba',45,4),(1438,'Xã Ngọc Đào',45,4),(1447,'Thị trấn Trà Lĩnh',47,4),(1453,'Xã Tri Phương',47,4),(1456,'Xã Quang Hán',47,4),(1462,'Xã Xuân Nội',47,4),(1465,'Xã Quang Trung',47,4),(1468,'Xã Quang Vinh',47,4),(1471,'Xã Cao Chương',47,4),(1474,'Xã Quốc Toản',49,4),(1477,'Thị trấn Trùng Khánh',47,4),(1480,'Xã Ngọc Khê',47,4),(1481,'Xã Ngọc Côn',47,4),(1483,'Xã Phong Nậm',47,4),(1489,'Xã Đình Phong',47,4),(1495,'Xã Đàm Thuỷ',47,4),(1498,'Xã Khâm Thành',47,4),(1501,'Xã Chí Viễn',47,4),(1504,'Xã Lăng Hiếu',47,4),(1507,'Xã Phong Châu',47,4),(1516,'Xã Trung Phúc',47,4),(1519,'Xã Cao Thăng',47,4),(1522,'Xã Đức Hồng',47,4),(1525,'Xã Đoài Dương',47,4),(1534,'Xã Minh Long',48,4),(1537,'Xã Lý Quốc',48,4),(1540,'Xã Thắng Lợi',48,4),(1543,'Xã Đồng Loan',48,4),(1546,'Xã Đức Quang',48,4),(1549,'Xã Kim Loan',48,4),(1552,'Xã Quang Long',48,4),(1555,'Xã An Lạc',48,4),(1558,'Thị trấn Thanh Nhật',48,4),(1561,'Xã Vinh Quý',48,4),(1564,'Xã Thống Nhất',48,4),(1567,'Xã Cô Ngân',48,4),(1573,'Xã Thị Hoa',48,4),(1576,'Thị trấn Quảng Uyên',49,4),(1579,'Xã Phi Hải',49,4),(1582,'Xã Quảng Hưng',49,4),(1594,'Xã Độc Lập',49,4),(1597,'Xã Cai Bộ',49,4),(1603,'Xã Phúc Sen',49,4),(1606,'Xã Chí Thảo',49,4),(1609,'Xã Tự Do',49,4),(1615,'Xã Hồng Quang',49,4),(1618,'Xã Ngọc Động',49,4),(1624,'Xã Hạnh Phúc',49,4),(1627,'Thị trấn Tà Lùng',49,4),(1630,'Xã Bế Văn Đàn',49,4),(1636,'Xã Cách Linh',49,4),(1639,'Xã Đại Sơn',49,4),(1645,'Xã Tiên Thành',49,4),(1648,'Thị trấn Hoà Thuận',49,4),(1651,'Xã Mỹ Hưng',49,4),(1654,'Thị trấn Nước Hai',51,4),(1657,'Xã Dân Chủ',51,4),(1660,'Xã Nam Tuấn',51,4),(1666,'Xã Đại Tiến',51,4),(1669,'Xã Đức Long',51,4),(1672,'Xã Ngũ Lão',51,4),(1675,'Xã Trương Lương',51,4),(1687,'Xã Hồng Việt',51,4),(1693,'Xã Vĩnh Quang',40,4),(1696,'Xã Hoàng Tung',51,4),(1699,'Xã Nguyễn Huệ',51,4),(1702,'Xã Quang Trung',51,4),(1705,'Xã Hưng Đạo',40,4),(1708,'Xã Bạch Đằng',51,4),(1711,'Xã Bình Dương',51,4),(1714,'Xã Lê Chung',51,4),(1720,'Xã Chu Trinh',40,4),(1723,'Xã Hồng Nam',51,4),(1726,'Thị trấn Nguyên Bình',52,4),(1729,'Thị trấn Tĩnh Túc',52,4),(1732,'Xã Yên Lạc',52,4),(1735,'Xã Triệu Nguyên',52,4),(1738,'Xã Ca Thành',52,4),(1744,'Xã Vũ Nông',52,4),(1747,'Xã Minh Tâm',52,4),(1750,'Xã Thể Dục',52,4),(1756,'Xã Mai Long',52,4),(1762,'Xã Vũ Minh',52,4),(1765,'Xã Hoa Thám',52,4),(1768,'Xã Phan Thanh',52,4),(1771,'Xã Quang Thành',52,4),(1774,'Xã Tam Kim',52,4),(1777,'Xã Thành Công',52,4),(1780,'Xã Thịnh Vượng',52,4),(1783,'Xã Hưng Đạo',52,4),(1786,'Thị trấn Đông Khê',53,4),(1789,'Xã Canh Tân',53,4),(1792,'Xã Kim Đồng',53,4),(1795,'Xã Minh Khai',53,4),(1801,'Xã Đức Thông',53,4),(1804,'Xã Thái Cường',53,4),(1807,'Xã Vân Trình',53,4),(1810,'Xã Thụy Hùng',53,4),(1813,'Xã Quang Trọng',53,4),(1816,'Xã Trọng Con',53,4),(1819,'Xã Lê Lai',53,4),(1822,'Xã Đức Long',53,4),(1828,'Xã Lê Lợi',53,4),(1831,'Xã Đức Xuân',53,4),(1834,'Phường Nguyễn Thị Minh Khai',58,6),(1837,'Phường Sông Cầu',58,6),(1840,'Phường Đức Xuân',58,6),(1843,'Phường Phùng Chí Kiên',58,6),(1846,'Phường Huyền Tụng',58,6),(1849,'Xã Dương Quang',58,6),(1852,'Xã Nông Thượng',58,6),(1855,'Phường Xuất Hóa',58,6),(1858,'Xã Bằng Thành',60,6),(1861,'Xã Nhạn Môn',60,6),(1864,'Xã Bộc Bố',60,6),(1867,'Xã Công Bằng',60,6),(1870,'Xã Giáo Hiệu',60,6),(1873,'Xã Xuân La',60,6),(1876,'Xã An Thắng',60,6),(1879,'Xã Cổ Linh',60,6),(1882,'Xã Nghiên Loan',60,6),(1885,'Xã Cao Tân',60,6),(1888,'Thị trấn Chợ Rã',61,6),(1891,'Xã Bành Trạch',61,6),(1894,'Xã Phúc Lộc',61,6),(1897,'Xã Hà Hiệu',61,6),(1900,'Xã Cao Thượng',61,6),(1906,'Xã Khang Ninh',61,6),(1909,'Xã Nam Mẫu',61,6),(1912,'Xã Thượng Giáo',61,6),(1915,'Xã Địa Linh',61,6),(1918,'Xã Yến Dương',61,6),(1921,'Xã Chu Hương',61,6),(1924,'Xã Quảng Khê',61,6),(1927,'Xã Mỹ Phương',61,6),(1930,'Xã Hoàng Trĩ',61,6),(1933,'Xã Đồng Phúc',61,6),(1936,'Thị trấn Nà Phặc',62,6),(1939,'Xã Thượng Ân',62,6),(1942,'Xã Bằng Vân',62,6),(1945,'Xã Cốc Đán',62,6),(1948,'Xã Trung Hoà',62,6),(1951,'Xã Đức Vân',62,6),(1954,'Xã Vân Tùng',62,6),(1957,'Xã Thượng Quan',62,6),(1960,'Xã Hiệp Lực',62,6),(1963,'Xã Thuần Mang',62,6),(1969,'Thị trấn Phủ Thông',63,6),(1975,'Xã Vi Hương',63,6),(1978,'Xã Sĩ Bình',63,6),(1981,'Xã Vũ Muộn',63,6),(1984,'Xã Đôn Phong',63,6),(1990,'Xã Lục Bình',63,6),(1993,'Xã Tân Tú',63,6),(1999,'Xã Nguyên Phúc',63,6),(2002,'Xã Cao Sơn',63,6),(2005,'Xã Quân Hà',63,6),(2008,'Xã Cẩm Giàng',63,6),(2011,'Xã Mỹ Thanh',63,6),(2014,'Xã Dương Phong',63,6),(2017,'Xã Quang Thuận',63,6),(2020,'Thị trấn Bằng Lũng',64,6),(2023,'Xã Xuân Lạc',64,6),(2026,'Xã Nam Cường',64,6),(2029,'Xã Đồng Lạc',64,6),(2032,'Xã Tân Lập',64,6),(2035,'Xã Bản Thi',64,6),(2038,'Xã Quảng Bạch',64,6),(2041,'Xã Bằng Phúc',64,6),(2044,'Xã Yên Thịnh',64,6),(2047,'Xã Yên Thượng',64,6),(2050,'Xã Phương Viên',64,6),(2053,'Xã Ngọc Phái',64,6),(2059,'Xã Đồng Thắng',64,6),(2062,'Xã Lương Bằng',64,6),(2065,'Xã Bằng Lãng',64,6),(2068,'Xã Đại Sảo',64,6),(2071,'Xã Nghĩa Tá',64,6),(2077,'Xã Yên Mỹ',64,6),(2080,'Xã Bình Trung',64,6),(2083,'Xã Yên Phong',64,6),(2086,'Thị trấn Đồng Tâm',65,6),(2089,'Xã Tân Sơn',65,6),(2092,'Xã Thanh Vận',65,6),(2095,'Xã Mai Lạp',65,6),(2098,'Xã Hoà Mục',65,6),(2101,'Xã Thanh Mai',65,6),(2104,'Xã Cao Kỳ',65,6),(2107,'Xã Nông Hạ',65,6),(2110,'Xã Yên Cư',65,6),(2113,'Xã Thanh Thịnh',65,6),(2116,'Xã Yên Hân',65,6),(2122,'Xã Như Cố',65,6),(2125,'Xã Bình Văn',65,6),(2131,'Xã Quảng Chu',65,6),(2137,'Xã Văn Vũ',66,6),(2140,'Xã Văn Lang',66,6),(2143,'Xã Lương Thượng',66,6),(2146,'Xã Kim Hỷ',66,6),(2152,'Xã Cường Lợi',66,6),(2155,'Thị trấn Yến Lạc',66,6),(2158,'Xã Kim Lư',66,6),(2161,'Xã Sơn Thành',66,6),(2170,'Xã Văn Minh',66,6),(2173,'Xã Côn Minh',66,6),(2176,'Xã Cư Lễ',66,6),(2179,'Xã Trần Phú',66,6),(2185,'Xã Quang Phong',66,6),(2188,'Xã Dương Sơn',66,6),(2191,'Xã Xuân Dương',66,6),(2194,'Xã Đổng Xá',66,6),(2197,'Xã Liêm Thuỷ',66,6),(2200,'Phường Phan Thiết',70,8),(2203,'Phường Minh Xuân',70,8),(2206,'Phường Tân Quang',70,8),(2209,'Xã Tràng Đà',70,8),(2212,'Phường Nông Tiến',70,8),(2215,'Phường Ỷ La',70,8),(2216,'Phường Tân Hà',70,8),(2218,'Phường Hưng Thành',70,8),(2221,'Thị trấn Na Hang',72,8),(2227,'Xã Sinh Long',72,8),(2230,'Xã Thượng Giáp',72,8),(2233,'Xã Phúc Yên',71,8),(2239,'Xã Thượng Nông',72,8),(2242,'Xã Xuân Lập',71,8),(2245,'Xã Côn Lôn',72,8),(2248,'Xã Yên Hoa',72,8),(2251,'Xã Khuôn Hà',71,8),(2254,'Xã Hồng Thái',72,8),(2260,'Xã Đà Vị',72,8),(2263,'Xã Khau Tinh',72,8),(2266,'Thị trấn Lăng Can',71,8),(2269,'Xã Thượng Lâm',71,8),(2275,'Xã Sơn Phú',72,8),(2281,'Xã Năng Khả',72,8),(2284,'Xã Thanh Tương',72,8),(2287,'Thị trấn Vĩnh Lộc',73,8),(2290,'Xã Bình An',71,8),(2293,'Xã Hồng Quang',71,8),(2296,'Xã Thổ Bình',71,8),(2299,'Xã Phúc Sơn',71,8),(2302,'Xã Minh Quang',71,8),(2305,'Xã Trung Hà',73,8),(2308,'Xã Tân Mỹ',73,8),(2311,'Xã Hà Lang',73,8),(2314,'Xã Hùng Mỹ',73,8),(2317,'Xã Yên Lập',73,8),(2320,'Xã Tân An',73,8),(2323,'Xã Bình Phú',73,8),(2326,'Xã Xuân Quang',73,8),(2329,'Xã Ngọc Hội',73,8),(2332,'Xã Phú Bình',73,8),(2335,'Xã Hòa Phú',73,8),(2338,'Xã Phúc Thịnh',73,8),(2341,'Xã Kiên Đài',73,8),(2344,'Xã Tân Thịnh',73,8),(2347,'Xã Trung Hòa',73,8),(2350,'Xã Kim Bình',73,8),(2353,'Xã Hòa An',73,8),(2356,'Xã Vinh Quang',73,8),(2359,'Xã Tri Phú',73,8),(2362,'Xã Nhân Lý',73,8),(2365,'Xã Yên Nguyên',73,8),(2368,'Xã Linh Phú',73,8),(2371,'Xã Bình Nhân',73,8),(2374,'Thị trấn Tân Yên',74,8),(2377,'Xã Yên Thuận',74,8),(2380,'Xã Bạch Xa',74,8),(2383,'Xã Minh Khương',74,8),(2386,'Xã Yên Lâm',74,8),(2389,'Xã Minh Dân',74,8),(2392,'Xã Phù Lưu',74,8),(2395,'Xã Minh Hương',74,8),(2398,'Xã Yên Phú',74,8),(2401,'Xã Tân Thành',74,8),(2404,'Xã Bình Xa',74,8),(2407,'Xã Thái Sơn',74,8),(2410,'Xã Nhân Mục',74,8),(2413,'Xã Thành Long',74,8),(2416,'Xã Bằng Cốc',74,8),(2419,'Xã Thái Hòa',74,8),(2422,'Xã Đức Ninh',74,8),(2425,'Xã Hùng Đức',74,8),(2431,'Xã Quí Quân',75,8),(2434,'Xã Lực Hành',75,8),(2437,'Xã Kiến Thiết',75,8),(2440,'Xã Trung Minh',75,8),(2443,'Xã Chiêu Yên',75,8),(2446,'Xã Trung Trực',75,8),(2449,'Xã Xuân Vân',75,8),(2452,'Xã Phúc Ninh',75,8),(2455,'Xã Hùng Lợi',75,8),(2458,'Xã Trung Sơn',75,8),(2461,'Xã Tân Tiến',75,8),(2464,'Xã Tứ Quận',75,8),(2467,'Xã Đạo Viện',75,8),(2470,'Xã Tân Long',75,8),(2473,'Thị trấn Yên Sơn',75,8),(2476,'Xã Kim Quan',75,8),(2479,'Xã Lang Quán',75,8),(2482,'Xã Phú Thịnh',75,8),(2485,'Xã Công Đa',75,8),(2488,'Xã Trung Môn',75,8),(2491,'Xã Chân Sơn',75,8),(2494,'Xã Thái Bình',75,8),(2497,'Xã Kim Phú',70,8),(2500,'Xã Tiến Bộ',75,8),(2503,'Xã An Khang',70,8),(2506,'Xã Mỹ Bằng',75,8),(2509,'Phường Mỹ Lâm',70,8),(2512,'Phường An Tường',70,8),(2515,'Xã Lưỡng Vượng',70,8),(2518,'Xã Hoàng Khai',75,8),(2521,'Xã Thái Long',70,8),(2524,'Phường Đội Cấn',70,8),(2527,'Xã Nhữ Hán',75,8),(2530,'Xã Nhữ Khê',75,8),(2533,'Xã Đội Bình',75,8),(2536,'Thị trấn Sơn Dương',76,8),(2539,'Xã Trung Yên',76,8),(2542,'Xã Minh Thanh',76,8),(2545,'Xã Tân Trào',76,8),(2548,'Xã Vĩnh Lợi',76,8),(2551,'Xã Thượng Ấm',76,8),(2554,'Xã Bình Yên',76,8),(2557,'Xã Lương Thiện',76,8),(2560,'Xã Tú Thịnh',76,8),(2563,'Xã Cấp Tiến',76,8),(2566,'Xã Hợp Thành',76,8),(2569,'Xã Phúc Ứng',76,8),(2572,'Xã Đông Thọ',76,8),(2575,'Xã Kháng Nhật',76,8),(2578,'Xã Hợp Hòa',76,8),(2584,'Xã Quyết Thắng',76,8),(2587,'Xã Đồng Quý',76,8),(2590,'Xã Tân Thanh',76,8),(2593,'Xã Vân Sơn',76,8),(2596,'Xã Văn Phú',76,8),(2599,'Xã Chi Thiết',76,8),(2602,'Xã Đông Lợi',76,8),(2605,'Xã Thiện Kế',76,8),(2608,'Xã Hồng Lạc',76,8),(2611,'Xã Phú Lương',76,8),(2614,'Xã Ninh Lai',76,8),(2617,'Xã Đại Phú',76,8),(2620,'Xã Sơn Nam',76,8),(2623,'Xã Hào Phú',76,8),(2626,'Xã Tam Đa',76,8),(2632,'Xã Trường Sinh',76,8),(2635,'Phường Duyên Hải',80,10),(2641,'Phường Lào Cai',80,10),(2644,'Phường Cốc Lếu',80,10),(2647,'Phường Kim Tân',80,10),(2650,'Phường Bắc Lệnh',80,10),(2653,'Phường Pom Hán',80,10),(2656,'Phường Xuân Tăng',80,10),(2658,'Phường Bình Minh',80,10),(2659,'Xã Thống Nhất',80,10),(2662,'Xã Đồng Tuyển',80,10),(2665,'Xã Vạn Hoà',80,10),(2668,'Phường Bắc Cường',80,10),(2671,'Phường Nam Cường',80,10),(2674,'Xã Cam Đường',80,10),(2677,'Xã Tả Phời',80,10),(2680,'Xã Hợp Thành',80,10),(2683,'Thị trấn Bát Xát',82,10),(2686,'Xã A Mú Sung',82,10),(2689,'Xã Nậm Chạc',82,10),(2692,'Xã A Lù',82,10),(2695,'Xã Trịnh Tường',82,10),(2701,'Xã Y Tý',82,10),(2704,'Xã Cốc Mỳ',82,10),(2707,'Xã Dền Sáng',82,10),(2710,'Xã Bản Vược',82,10),(2713,'Xã Sàng Ma Sáo',82,10),(2716,'Xã Bản Qua',82,10),(2719,'Xã Mường Vi',82,10),(2722,'Xã Dền Thàng',82,10),(2725,'Xã Bản Xèo',82,10),(2728,'Xã Mường Hum',82,10),(2731,'Xã Trung Lèng Hồ',82,10),(2734,'Xã Quang Kim',82,10),(2737,'Xã Pa Cheo',82,10),(2740,'Xã Nậm Pung',82,10),(2743,'Xã Phìn Ngan',82,10),(2746,'Xã Cốc San',80,10),(2749,'Xã Tòng Sành',82,10),(2752,'Xã Pha Long',83,10),(2755,'Xã Tả Ngải Chồ',83,10),(2758,'Xã Tung Chung Phố',83,10),(2761,'Thị trấn Mường Khương',83,10),(2764,'Xã Dìn Chin',83,10),(2767,'Xã Tả Gia Khâu',83,10),(2770,'Xã Nậm Chảy',83,10),(2773,'Xã Nấm Lư',83,10),(2776,'Xã Lùng Khấu Nhin',83,10),(2779,'Xã Thanh Bình',83,10),(2782,'Xã Cao Sơn',83,10),(2785,'Xã Lùng Vai',83,10),(2788,'Xã Bản Lầu',83,10),(2791,'Xã La Pan Tẩn',83,10),(2794,'Xã Tả Thàng',83,10),(2797,'Xã Bản Sen',83,10),(2800,'Xã Nàn Sán',84,10),(2803,'Xã Thào Chư Phìn',84,10),(2806,'Xã Bản Mế',84,10),(2809,'Thị trấn Si Ma Cai',84,10),(2812,'Xã Sán Chải',84,10),(2818,'Xã Lùng Thẩn',84,10),(2821,'Xã Cán Cấu',84,10),(2824,'Xã Sín Chéng',84,10),(2827,'Xã Quan Hồ Thẩn',84,10),(2836,'Xã Nàn Xín',84,10),(2839,'Thị trấn Bắc Hà',85,10),(2842,'Xã Lùng Cải',85,10),(2848,'Xã Lùng Phình',85,10),(2851,'Xã Tả Van Chư',85,10),(2854,'Xã Tả Củ Tỷ',85,10),(2857,'Xã Thải Giàng Phố',85,10),(2863,'Xã Hoàng Thu Phố',85,10),(2866,'Xã Bản Phố',85,10),(2869,'Xã Bản Liền',85,10),(2872,'Xã Tà Chải',85,10),(2875,'Xã Na Hối',85,10),(2878,'Xã Cốc Ly',85,10),(2881,'Xã Nậm Mòn',85,10),(2884,'Xã Nậm Đét',85,10),(2887,'Xã Nậm Khánh',85,10),(2890,'Xã Bảo Nhai',85,10),(2893,'Xã Nậm Lúc',85,10),(2896,'Xã Cốc Lầu',85,10),(2899,'Xã Bản Cái',85,10),(2902,'Thị trấn N.T Phong Hải',86,10),(2905,'Thị trấn Phố Lu',86,10),(2908,'Thị trấn Tằng Loỏng',86,10),(2911,'Xã Bản Phiệt',86,10),(2914,'Xã Bản Cầm',86,10),(2917,'Xã Thái Niên',86,10),(2920,'Xã Phong Niên',86,10),(2923,'Xã Gia Phú',86,10),(2926,'Xã Xuân Quang',86,10),(2929,'Xã Sơn Hải',86,10),(2932,'Xã Xuân Giao',86,10),(2935,'Xã Trì Quang',86,10),(2938,'Xã Sơn Hà',86,10),(2944,'Xã Phú Nhuận',86,10),(2947,'Thị trấn Phố Ràng',87,10),(2950,'Xã Tân Tiến',87,10),(2953,'Xã Nghĩa Đô',87,10),(2956,'Xã Vĩnh Yên',87,10),(2959,'Xã Điện Quan',87,10),(2962,'Xã Xuân Hoà',87,10),(2965,'Xã Tân Dương',87,10),(2968,'Xã Thượng Hà',87,10),(2971,'Xã Kim Sơn',87,10),(2974,'Xã Cam Cọn',87,10),(2977,'Xã Minh Tân',87,10),(2980,'Xã Xuân Thượng',87,10),(2983,'Xã Việt Tiến',87,10),(2986,'Xã Yên Sơn',87,10),(2989,'Xã Bảo Hà',87,10),(2992,'Xã Lương Sơn',87,10),(2998,'Xã Phúc Khánh',87,10),(3001,'Phường Sa Pa',88,10),(3002,'Phường Sa Pả',88,10),(3003,'Phường Ô Quý Hồ',88,10),(3004,'Xã Ngũ Chỉ Sơn',88,10),(3006,'Phường Phan Si Păng',88,10),(3010,'Xã Trung Chải',88,10),(3013,'Xã Tả Phìn',88,10),(3016,'Phường Hàm Rồng',88,10),(3019,'Xã Hoàng Liên',88,10),(3022,'Xã Thanh Bình',88,10),(3028,'Phường Cầu Mây',88,10),(3037,'Xã Mường Hoa',88,10),(3040,'Xã Tả Van',88,10),(3043,'Xã Mường Bo',88,10),(3046,'Xã Bản Hồ',88,10),(3052,'Xã Liên Minh',88,10),(3055,'Thị trấn Khánh Yên',89,10),(3061,'Xã Võ Lao',89,10),(3064,'Xã Sơn Thuỷ',89,10),(3067,'Xã Nậm Mả',89,10),(3070,'Xã Tân Thượng',89,10),(3073,'Xã Nậm Rạng',89,10),(3076,'Xã Nậm Chầy',89,10),(3079,'Xã Tân An',89,10),(3082,'Xã Khánh Yên Thượng',89,10),(3085,'Xã Nậm Xé',89,10),(3088,'Xã Dần Thàng',89,10),(3091,'Xã Chiềng Ken',89,10),(3094,'Xã Làng Giàng',89,10),(3097,'Xã Hoà Mạc',89,10),(3100,'Xã Khánh Yên Trung',89,10),(3103,'Xã Khánh Yên Hạ',89,10),(3106,'Xã Dương Quỳ',89,10),(3109,'Xã Nậm Tha',89,10),(3112,'Xã Minh Lương',89,10),(3115,'Xã Thẩm Dương',89,10),(3118,'Xã Liêm Phú',89,10),(3121,'Xã Nậm Xây',89,10),(3124,'Phường Noong Bua',94,11),(3127,'Phường Him Lam',94,11),(3130,'Phường Thanh Bình',94,11),(3133,'Phường Tân Thanh',94,11),(3136,'Phường Mường Thanh',94,11),(3139,'Phường Nam Thanh',94,11),(3142,'Phường Thanh Trường',94,11),(3145,'Xã Thanh Minh',94,11),(3148,'Phường Sông Đà',95,11),(3151,'Phường Na Lay',95,11),(3154,'Xã Sín Thầu',96,11),(3155,'Xã Sen Thượng',96,11),(3156,'Xã Nậm Tin',103,11),(3157,'Xã Chung Chải',96,11),(3158,'Xã Leng Su Sìn',96,11),(3159,'Xã Pá Mỳ',96,11),(3160,'Xã Mường Nhé',96,11),(3161,'Xã Nậm Vì',96,11),(3162,'Xã Nậm Kè',96,11),(3163,'Xã Mường Toong',96,11),(3164,'Xã Quảng Lâm',96,11),(3165,'Xã Pa Tần',103,11),(3166,'Xã Chà Cang',103,11),(3167,'Xã Na Cô Sa',103,11),(3168,'Xã Nà Khoa',103,11),(3169,'Xã Nà Hỳ',103,11),(3170,'Xã Nà Bủng',103,11),(3171,'Xã Nậm Nhừ',103,11),(3172,'Thị Trấn Mường Chà',97,11),(3173,'Xã Nậm Chua',103,11),(3174,'Xã Nậm Khăn',103,11),(3175,'Xã Chà Tở',103,11),(3176,'Xã Vàng Đán',103,11),(3177,'Xã Huổi Lếnh',96,11),(3178,'Xã Xá Tổng',97,11),(3181,'Xã Mường Tùng',97,11),(3184,'Xã Lay Nưa',95,11),(3187,'Xã Chà Nưa',103,11),(3190,'Xã Hừa Ngài',97,11),(3191,'Xã Huổi Mí',97,11),(3193,'Xã Pa Ham',97,11),(3194,'Xã Nậm Nèn',97,11),(3196,'Xã Huổi Lèng',97,11),(3197,'Xã Sa Lông',97,11),(3198,'Xã Phìn Hồ',103,11),(3199,'Xã Si Pa Phìn',103,11),(3200,'Xã Ma Thì Hồ',97,11),(3201,'Xã Na Sang',97,11),(3202,'Xã Mường Mươn',97,11),(3203,'Thị trấn Điện Biên Đông',101,11),(3205,'Xã Na Son',101,11),(3208,'Xã Phì Nhừ',101,11),(3211,'Xã Chiềng Sơ',101,11),(3214,'Xã Mường Luân',101,11),(3217,'Thị trấn Tủa Chùa',98,11),(3220,'Xã Huổi Só',98,11),(3223,'Xã Xín Chải',98,11),(3226,'Xã Tả Sìn Thàng',98,11),(3229,'Xã Lao Xả Phình',98,11),(3232,'Xã Tả Phìn',98,11),(3235,'Xã Tủa Thàng',98,11),(3238,'Xã Trung Thu',98,11),(3241,'Xã Sính Phình',98,11),(3244,'Xã Sáng Nhè',98,11),(3247,'Xã Mường Đun',98,11),(3250,'Xã Mường Báng',98,11),(3253,'Thị trấn Tuần Giáo',99,11),(3256,'Thị trấn Mường Ảng',102,11),(3259,'Xã Phình Sáng',99,11),(3260,'Xã Rạng Đông',99,11),(3262,'Xã Mùn Chung',99,11),(3263,'Xã Nà Tòng',99,11),(3265,'Xã Ta Ma',99,11),(3268,'Xã Mường Mùn',99,11),(3269,'Xã Pú Xi',99,11),(3271,'Xã Pú Nhung',99,11),(3274,'Xã Quài Nưa',99,11),(3277,'Xã Mường Thín',99,11),(3280,'Xã Tỏa Tình',99,11),(3283,'Xã Nà Sáy',99,11),(3284,'Xã Mường Khong',99,11),(3286,'Xã Mường Đăng',102,11),(3287,'Xã Ngối Cáy',102,11),(3289,'Xã Quài Cang',99,11),(3292,'Xã Ẳng Tở',102,11),(3295,'Xã Quài Tở',99,11),(3298,'Xã Chiềng Sinh',99,11),(3299,'Xã Chiềng Đông',99,11),(3301,'Xã Búng Lao',102,11),(3302,'Xã Xuân Lao',102,11),(3304,'Xã Tênh Phông',99,11),(3307,'Xã Ẳng Nưa',102,11),(3310,'Xã Ẳng Cang',102,11),(3312,'Xã Nặm Lịch',102,11),(3313,'Xã Mường Lạn',102,11),(3316,'Xã Nà Tấu',94,11),(3317,'Xã Nà Nhạn',94,11),(3319,'Xã Mường Pồn',100,11),(3322,'Xã Thanh Nưa',100,11),(3323,'Xã Hua Thanh',100,11),(3325,'Xã Mường Phăng',94,11),(3326,'Xã Pá Khoang',94,11),(3328,'Xã Thanh Luông',100,11),(3331,'Xã Thanh Hưng',100,11),(3334,'Xã Thanh Xương',100,11),(3337,'Xã Thanh Chăn',100,11),(3340,'Xã Pa Thơm',100,11),(3343,'Xã Thanh An',100,11),(3346,'Xã Thanh Yên',100,11),(3349,'Xã Noong Luống',100,11),(3352,'Xã Noọng Hẹt',100,11),(3355,'Xã Sam Mứn',100,11),(3356,'Xã Pom Lót',100,11),(3358,'Xã Núa Ngam',100,11),(3359,'Xã Hẹ Muông',100,11),(3361,'Xã Na Ư',100,11),(3364,'Xã Mường Nhà',100,11),(3365,'Xã Na Tông',100,11),(3367,'Xã Mường Lói',100,11),(3368,'Xã Phu Luông',100,11),(3370,'Xã Pú Nhi',101,11),(3371,'Xã Nong U',101,11),(3373,'Xã Xa Dung',101,11),(3376,'Xã Keo Lôm',101,11),(3379,'Xã Luân Giới',101,11),(3382,'Xã Phình Giàng',101,11),(3383,'Xã Pú Hồng',101,11),(3384,'Xã Tìa Dình',101,11),(3385,'Xã Háng Lìa',101,11),(3386,'Phường Quyết Thắng',105,12),(3387,'Phường Tân Phong',105,12),(3388,'Phường Quyết Tiến',105,12),(3389,'Phường Đoàn Kết',105,12),(3390,'Thị trấn Tam Đường',106,12),(3391,'Xã Lả Nhì Thàng',109,12),(3394,'Xã Thèn Sin',106,12),(3400,'Xã Tả Lèng',106,12),(3403,'Xã Sùng Phài',105,12),(3405,'Xã Giang Ma',106,12),(3406,'Xã Hồ Thầu',106,12),(3408,'Phường Đông Phong',105,12),(3409,'Xã San Thàng',105,12),(3412,'Xã Bình Lư',106,12),(3413,'Xã Sơn Bình',106,12),(3415,'Xã Nùng Nàng',106,12),(3418,'Xã Bản Giang',106,12),(3421,'Xã Bản Hon',106,12),(3424,'Xã Bản Bo',106,12),(3427,'Xã Nà Tăm',106,12),(3430,'Xã Khun Há',106,12),(3433,'Thị trấn Mường Tè',107,12),(3434,'Thị trấn Nậm Nhùn',112,12),(3436,'Xã Thu Lũm',107,12),(3439,'Xã Ka Lăng',107,12),(3440,'Xã Tá Bạ',107,12),(3442,'Xã Pa ủ',107,12),(3445,'Xã Mường Tè',107,12),(3448,'Xã Pa Vệ Sử',107,12),(3451,'Xã Mù Cả',107,12),(3454,'Xã Bum Tở',107,12),(3457,'Xã Nậm Khao',107,12),(3460,'Xã Hua Bun',112,12),(3463,'Xã Tà Tổng',107,12),(3466,'Xã Bum Nưa',107,12),(3467,'Xã Vàng San',107,12),(3469,'Xã Kan Hồ',107,12),(3472,'Xã Mường Mô',112,12),(3473,'Xã Nậm Chà',112,12),(3474,'Xã Nậm Manh',112,12),(3475,'Xã Nậm Hàng',112,12),(3478,'Thị trấn Sìn Hồ',108,12),(3481,'Xã Lê Lợi',112,12),(3484,'Xã Pú Đao',112,12),(3487,'Xã Chăn Nưa',108,12),(3488,'Xã Nậm Pì',112,12),(3490,'Xã Huổi Luông',109,12),(3493,'Xã Pa Tần',108,12),(3496,'Xã Phìn Hồ',108,12),(3499,'Xã Hồng Thu',108,12),(3502,'Xã Nậm Ban',112,12),(3503,'Xã Trung Chải',112,12),(3505,'Xã Phăng Sô Lin',108,12),(3508,'Xã Ma Quai',108,12),(3509,'Xã Lùng Thàng',108,12),(3511,'Xã Tả Phìn',108,12),(3514,'Xã Sà Dề Phìn',108,12),(3517,'Xã Nậm Tăm',108,12),(3520,'Xã Tả Ngảo',108,12),(3523,'Xã Pu Sam Cáp',108,12),(3526,'Xã Nậm Cha',108,12),(3527,'Xã Pa Khoá',108,12),(3529,'Xã Làng Mô',108,12),(3532,'Xã Noong Hẻo',108,12),(3535,'Xã Nậm Mạ',108,12),(3538,'Xã Căn Co',108,12),(3541,'Xã Tủa Sín Chải',108,12),(3544,'Xã Nậm Cuổi',108,12),(3547,'Xã Nậm Hăn',108,12),(3549,'Thị trấn Phong Thổ',109,12),(3550,'Xã Sì Lở Lầu',109,12),(3553,'Xã Mồ Sì San',109,12),(3559,'Xã Pa Vây Sử',109,12),(3562,'Xã Vàng Ma Chải',109,12),(3565,'Xã Tông Qua Lìn',109,12),(3568,'Xã Mù Sang',109,12),(3571,'Xã Dào San',109,12),(3574,'Xã Ma Ly Pho',109,12),(3577,'Xã Bản Lang',109,12),(3580,'Xã Hoang Thèn',109,12),(3583,'Xã Khổng Lào',109,12),(3586,'Xã Nậm Xe',109,12),(3589,'Xã Mường So',109,12),(3592,'Xã Sin Suối Hồ',109,12),(3595,'Thị trấn Than Uyên',110,12),(3598,'Thị trấn Tân Uyên',111,12),(3601,'Xã Mường Khoa',111,12),(3602,'Xã Phúc Khoa',111,12),(3604,'Xã Thân Thuộc',111,12),(3605,'Xã Trung Đồng',111,12),(3607,'Xã Hố Mít',111,12),(3610,'Xã Nậm Cần',111,12),(3613,'Xã Nậm Sỏ',111,12),(3616,'Xã Pắc Ta',111,12),(3618,'Xã Phúc Than',110,12),(3619,'Xã Mường Than',110,12),(3622,'Xã Tà Mít',111,12),(3625,'Xã Mường Mít',110,12),(3628,'Xã Pha Mu',110,12),(3631,'Xã Mường Cang',110,12),(3632,'Xã Hua Nà',110,12),(3634,'Xã Tà Hừa',110,12),(3637,'Xã Mường Kim',110,12),(3638,'Xã Tà Mung',110,12),(3640,'Xã Tà Gia',110,12),(3643,'Xã Khoen On',110,12),(3646,'Phường Chiềng Lề',116,14),(3649,'Phường Tô Hiệu',116,14),(3652,'Phường Quyết Thắng',116,14),(3655,'Phường Quyết Tâm',116,14),(3658,'Xã Chiềng Cọ',116,14),(3661,'Xã Chiềng Đen',116,14),(3664,'Xã Chiềng Xôm',116,14),(3667,'Phường Chiềng An',116,14),(3670,'Phường Chiềng Cơi',116,14),(3673,'Xã Chiềng Ngần',116,14),(3676,'Xã Hua La',116,14),(3679,'Phường Chiềng Sinh',116,14),(3682,'Xã Mường Chiên',118,14),(3685,'Xã Cà Nàng',118,14),(3688,'Xã Chiềng Khay',118,14),(3694,'Xã Mường Giôn',118,14),(3697,'Xã Pá Ma Pha Khinh',118,14),(3700,'Xã Chiềng Ơn',118,14),(3703,'Xã Mường Giàng',118,14),(3706,'Xã Chiềng Bằng',118,14),(3709,'Xã Mường Sại',118,14),(3712,'Xã Nậm ét',118,14),(3718,'Xã Chiềng Khoang',118,14),(3721,'Thị trấn Thuận Châu',119,14),(3724,'Xã Phổng Lái',119,14),(3727,'Xã Mường é',119,14),(3730,'Xã Chiềng Pha',119,14),(3733,'Xã Chiềng La',119,14),(3736,'Xã Chiềng Ngàm',119,14),(3739,'Xã Liệp Tè',119,14),(3742,'Xã é Tòng',119,14),(3745,'Xã Phổng Lập',119,14),(3748,'Xã Phổng Lăng',119,14),(3751,'Xã Chiềng Ly',119,14),(3754,'Xã Noong Lay',119,14),(3757,'Xã Mường Khiêng',119,14),(3760,'Xã Mường Bám',119,14),(3763,'Xã Long Hẹ',119,14),(3766,'Xã Chiềng Bôm',119,14),(3769,'Xã Thôm Mòn',119,14),(3772,'Xã Tông Lạnh',119,14),(3775,'Xã Tông Cọ',119,14),(3778,'Xã Bó Mười',119,14),(3781,'Xã Co Mạ',119,14),(3784,'Xã Púng Tra',119,14),(3787,'Xã Chiềng Pấc',119,14),(3790,'Xã Nậm Lầu',119,14),(3793,'Xã Bon Phặng',119,14),(3796,'Xã Co Tòng',119,14),(3799,'Xã Muổi Nọi',119,14),(3802,'Xã Pá Lông',119,14),(3805,'Xã Bản Lầm',119,14),(3808,'Thị trấn Ít Ong',120,14),(3811,'Xã Nậm Giôn',120,14),(3814,'Xã Chiềng Lao',120,14),(3817,'Xã Hua Trai',120,14),(3820,'Xã Ngọc Chiến',120,14),(3823,'Xã Mường Trai',120,14),(3826,'Xã Nậm Păm',120,14),(3829,'Xã Chiềng Muôn',120,14),(3832,'Xã Chiềng Ân',120,14),(3835,'Xã Pi Toong',120,14),(3838,'Xã Chiềng Công',120,14),(3841,'Xã Tạ Bú',120,14),(3844,'Xã Chiềng San',120,14),(3847,'Xã Mường Bú',120,14),(3850,'Xã Chiềng Hoa',120,14),(3853,'Xã Mường Chùm',120,14),(3856,'Thị trấn Bắc Yên',121,14),(3859,'Xã Phiêng Ban',121,14),(3862,'Xã Hang Chú',121,14),(3865,'Xã Xím Vàng',121,14),(3868,'Xã Tà Xùa',121,14),(3869,'Xã Háng Đồng',121,14),(3871,'Xã Pắc Ngà',121,14),(3874,'Xã Làng Chếu',121,14),(3877,'Xã Chim Vàn',121,14),(3880,'Xã Mường Khoa',121,14),(3883,'Xã Song Pe',121,14),(3886,'Xã Hồng Ngài',121,14),(3889,'Xã Tạ Khoa',121,14),(3890,'Xã Hua Nhàn',121,14),(3892,'Xã Phiêng Côn',121,14),(3895,'Xã Chiềng Sại',121,14),(3898,'Thị trấn Phù Yên',122,14),(3901,'Xã Suối Tọ',122,14),(3904,'Xã Mường Thải',122,14),(3907,'Xã Mường Cơi',122,14),(3910,'Xã Quang Huy',122,14),(3913,'Xã Huy Bắc',122,14),(3916,'Xã Huy Thượng',122,14),(3919,'Xã Tân Lang',122,14),(3922,'Xã Gia Phù',122,14),(3925,'Xã Tường Phù',122,14),(3928,'Xã Huy Hạ',122,14),(3931,'Xã Huy Tân',122,14),(3934,'Xã Mường Lang',122,14),(3937,'Xã Suối Bau',122,14),(3940,'Xã Huy Tường',122,14),(3943,'Xã Mường Do',122,14),(3946,'Xã Sập Xa',122,14),(3949,'Xã Tường Thượng',122,14),(3952,'Xã Tường Tiến',122,14),(3955,'Xã Tường Phong',122,14),(3958,'Xã Tường Hạ',122,14),(3961,'Xã Kim Bon',122,14),(3964,'Xã Mường Bang',122,14),(3967,'Xã Đá Đỏ',122,14),(3970,'Xã Tân Phong',122,14),(3973,'Xã Nam Phong',122,14),(3976,'Xã Bắc Phong',122,14),(3979,'Thị trấn Mộc Châu',123,14),(3982,'Thị trấn NT Mộc Châu',123,14),(3985,'Xã Chiềng Sơn',123,14),(3988,'Xã Tân Hợp',123,14),(3991,'Xã Qui Hướng',123,14),(3994,'Xã Suối Bàng',128,14),(3997,'Xã Tân Lập',123,14),(4000,'Xã Nà Mường',123,14),(4003,'Xã Tà Lai',123,14),(4006,'Xã Song Khủa',128,14),(4009,'Xã Liên Hoà',128,14),(4012,'Xã Chiềng Hắc',123,14),(4015,'Xã Hua Păng',123,14),(4018,'Xã Tô Múa',128,14),(4021,'Xã Mường Tè',128,14),(4024,'Xã Chiềng Khừa',123,14),(4027,'Xã Mường Sang',123,14),(4030,'Xã Đông Sang',123,14),(4033,'Xã Phiêng Luông',123,14),(4036,'Xã Chiềng Khoa',128,14),(4039,'Xã Mường Men',128,14),(4042,'Xã Quang Minh',128,14),(4045,'Xã Lóng Sập',123,14),(4048,'Xã Vân Hồ',128,14),(4051,'Xã Lóng Luông',128,14),(4054,'Xã Chiềng Yên',128,14),(4056,'Xã Chiềng Xuân',128,14),(4057,'Xã Xuân Nha',128,14),(4058,'Xã Tân Xuân',128,14),(4060,'Thị trấn Yên Châu',124,14),(4063,'Xã Chiềng Đông',124,14),(4066,'Xã Sập Vạt',124,14),(4069,'Xã Chiềng Sàng',124,14),(4072,'Xã Chiềng Pằn',124,14),(4075,'Xã Viêng Lán',124,14),(4078,'Xã Chiềng Hặc',124,14),(4081,'Xã Mường Lựm',124,14),(4084,'Xã Chiềng On',124,14),(4087,'Xã Yên Sơn',124,14),(4090,'Xã Chiềng Khoi',124,14),(4093,'Xã Tú Nang',124,14),(4096,'Xã Lóng Phiêng',124,14),(4099,'Xã Phiêng Khoài',124,14),(4102,'Xã Chiềng Tương',124,14),(4105,'Thị trấn Hát Lót',125,14),(4108,'Xã Chiềng Sung',125,14),(4111,'Xã Mường Bằng',125,14),(4114,'Xã Chiềng Chăn',125,14),(4117,'Xã Mương Chanh',125,14),(4120,'Xã Chiềng Ban',125,14),(4123,'Xã Chiềng Mung',125,14),(4126,'Xã Mường Bon',125,14),(4129,'Xã Chiềng Chung',125,14),(4132,'Xã Chiềng Mai',125,14),(4135,'Xã Hát Lót',125,14),(4136,'Xã Nà Pó',125,14),(4138,'Xã Cò  Nòi',125,14),(4141,'Xã Chiềng Nơi',125,14),(4144,'Xã Phiêng Cằm',125,14),(4147,'Xã Chiềng Dong',125,14),(4150,'Xã Chiềng Kheo',125,14),(4153,'Xã Chiềng Ve',125,14),(4156,'Xã Chiềng Lương',125,14),(4159,'Xã Phiêng Pằn',125,14),(4162,'Xã Nà Ơt',125,14),(4165,'Xã Tà Hộc',125,14),(4168,'Thị trấn Sông Mã',126,14),(4171,'Xã Bó Sinh',126,14),(4174,'Xã Pú Pẩu',126,14),(4177,'Xã Chiềng Phung',126,14),(4180,'Xã Chiềng En',126,14),(4183,'Xã Mường Lầm',126,14),(4186,'Xã Nậm Ty',126,14),(4189,'Xã Đứa Mòn',126,14),(4192,'Xã Yên Hưng',126,14),(4195,'Xã Chiềng Sơ',126,14),(4198,'Xã Nà Nghịu',126,14),(4201,'Xã Nậm Mằn',126,14),(4204,'Xã Chiềng Khoong',126,14),(4207,'Xã Chiềng Cang',126,14),(4210,'Xã Huổi Một',126,14),(4213,'Xã Mường Sai',126,14),(4216,'Xã Mường Cai',126,14),(4219,'Xã Mường Hung',126,14),(4222,'Xã Chiềng Khương',126,14),(4225,'Xã Sam Kha',127,14),(4228,'Xã Púng Bánh',127,14),(4231,'Xã Sốp Cộp',127,14),(4234,'Xã Dồm Cang',127,14),(4237,'Xã Nậm Lạnh',127,14),(4240,'Xã Mường Lèo',127,14),(4243,'Xã Mường Và',127,14),(4246,'Xã Mường Lạn',127,14),(4249,'Phường Yên Thịnh',132,15),(4252,'Phường Yên Ninh',132,15),(4255,'Phường Minh Tân',132,15),(4258,'Phường Nguyễn Thái Học',132,15),(4261,'Phường Đồng Tâm',132,15),(4264,'Phường Nguyễn Phúc',132,15),(4267,'Phường Hồng Hà',132,15),(4270,'Xã Minh Bảo',132,15),(4273,'Phường Nam Cường',132,15),(4276,'Xã Tuy Lộc',132,15),(4279,'Xã Tân Thịnh',132,15),(4282,'Phường Pú Trạng',133,15),(4285,'Phường Trung Tâm',133,15),(4288,'Phường Tân An',133,15),(4291,'Phường Cầu Thia',133,15),(4294,'Xã Nghĩa Lợi',133,15),(4297,'Xã Nghĩa Phúc',133,15),(4300,'Xã Nghĩa An',133,15),(4303,'Thị trấn Yên Thế',135,15),(4306,'Xã Tân Phượng',135,15),(4309,'Xã Lâm Thượng',135,15),(4312,'Xã Khánh Thiện',135,15),(4315,'Xã Minh Chuẩn',135,15),(4318,'Xã Mai Sơn',135,15),(4321,'Xã Khai Trung',135,15),(4324,'Xã Mường Lai',135,15),(4327,'Xã An Lạc',135,15),(4330,'Xã Minh Xuân',135,15),(4333,'Xã Tô Mậu',135,15),(4336,'Xã Tân Lĩnh',135,15),(4339,'Xã Yên Thắng',135,15),(4342,'Xã Khánh Hoà',135,15),(4345,'Xã Vĩnh Lạc',135,15),(4348,'Xã Liễu Đô',135,15),(4351,'Xã Động Quan',135,15),(4354,'Xã Tân Lập',135,15),(4357,'Xã Minh Tiến',135,15),(4360,'Xã Trúc Lâu',135,15),(4363,'Xã Phúc Lợi',135,15),(4366,'Xã Phan Thanh',135,15),(4369,'Xã An Phú',135,15),(4372,'Xã Trung Tâm',135,15),(4375,'Thị trấn Mậu A',136,15),(4378,'Xã Lang Thíp',136,15),(4381,'Xã Lâm Giang',136,15),(4384,'Xã Châu Quế Thượng',136,15),(4387,'Xã Châu Quế Hạ',136,15),(4390,'Xã An Bình',136,15),(4393,'Xã Quang Minh',136,15),(4396,'Xã Đông An',136,15),(4399,'Xã Đông Cuông',136,15),(4402,'Xã Phong Dụ Hạ',136,15),(4405,'Xã Mậu Đông',136,15),(4408,'Xã Ngòi A',136,15),(4411,'Xã Xuân Tầm',136,15),(4414,'Xã Tân Hợp',136,15),(4417,'Xã An Thịnh',136,15),(4420,'Xã Yên Thái',136,15),(4423,'Xã Phong Dụ Thượng',136,15),(4426,'Xã Yên Hợp',136,15),(4429,'Xã Đại Sơn',136,15),(4435,'Xã Đại Phác',136,15),(4438,'Xã Yên Phú',136,15),(4441,'Xã Xuân Ái',136,15),(4447,'Xã Viễn Sơn',136,15),(4450,'Xã Mỏ Vàng',136,15),(4453,'Xã Nà Hẩu',136,15),(4456,'Thị trấn Mù Căng Chải',137,15),(4459,'Xã Hồ Bốn',137,15),(4462,'Xã Nậm Có',137,15),(4465,'Xã Khao Mang',137,15),(4468,'Xã Mồ Dề',137,15),(4471,'Xã Chế Cu Nha',137,15),(4474,'Xã Lao Chải',137,15),(4477,'Xã Kim Nọi',137,15),(4480,'Xã Cao Phạ',137,15),(4483,'Xã La Pán Tẩn',137,15),(4486,'Xã Dế Su Phình',137,15),(4489,'Xã Chế Tạo',137,15),(4492,'Xã Púng Luông',137,15),(4495,'Xã Nậm Khắt',137,15),(4498,'Thị trấn Cổ Phúc',138,15),(4501,'Xã Tân Đồng',138,15),(4504,'Xã Báo Đáp',138,15),(4507,'Xã Đào Thịnh',138,15),(4510,'Xã Việt Thành',138,15),(4513,'Xã Hòa Cuông',138,15),(4516,'Xã Minh Quán',138,15),(4519,'Xã Quy Mông',138,15),(4522,'Xã Cường Thịnh',138,15),(4525,'Xã Kiên Thành',138,15),(4528,'Xã Nga Quán',138,15),(4531,'Xã Y Can',138,15),(4537,'Xã Lương Thịnh',138,15),(4540,'Xã Âu Lâu',132,15),(4543,'Xã Giới Phiên',132,15),(4546,'Phường Hợp Minh',132,15),(4558,'Xã Văn Phú',132,15),(4561,'Xã Bảo Hưng',138,15),(4564,'Xã Việt Cường',138,15),(4567,'Xã Minh Quân',138,15),(4570,'Xã Hồng Ca',138,15),(4573,'Xã Hưng Thịnh',138,15),(4576,'Xã Hưng Khánh',138,15),(4579,'Xã Việt Hồng',138,15),(4582,'Xã Vân Hội',138,15),(4585,'Thị trấn Trạm Tấu',139,15),(4588,'Xã Túc Đán',139,15),(4591,'Xã Pá Lau',139,15),(4594,'Xã Xà Hồ',139,15),(4597,'Xã Phình Hồ',139,15),(4600,'Xã Trạm Tấu',139,15),(4603,'Xã Tà Si Láng',139,15),(4606,'Xã Pá Hu',139,15),(4609,'Xã Làng Nhì',139,15),(4612,'Xã Bản Công',139,15),(4615,'Xã Bản Mù',139,15),(4618,'Xã Hát Lìu',139,15),(4621,'Thị trấn NT Liên Sơn',140,15),(4624,'Xã Nghĩa Lộ',133,15),(4627,'Thị trấn NT Trần Phú',140,15),(4630,'Xã Tú Lệ',140,15),(4633,'Xã Nậm Búng',140,15),(4636,'Xã Gia Hội',140,15),(4639,'Xã Sùng Đô',140,15),(4642,'Xã Nậm Mười',140,15),(4645,'Xã An Lương',140,15),(4648,'Xã Nậm Lành',140,15),(4651,'Xã Sơn Lương',140,15),(4654,'Xã Suối Quyền',140,15),(4657,'Xã Suối Giàng',140,15),(4660,'Xã Sơn A',133,15),(4663,'Xã Phù Nham',133,15),(4666,'Xã Nghĩa Sơn',140,15),(4669,'Xã Suối Bu',140,15),(4672,'Thị trấn Sơn Thịnh',140,15),(4675,'Xã Thanh Lương',133,15),(4678,'Xã Hạnh Sơn',133,15),(4681,'Xã Phúc Sơn',133,15),(4684,'Xã Thạch Lương',133,15),(4687,'Xã Đại Lịch',140,15),(4690,'Xã Đồng Khê',140,15),(4693,'Xã Cát Thịnh',140,15),(4696,'Xã Tân Thịnh',140,15),(4699,'Xã Chấn Thịnh',140,15),(4702,'Xã Bình Thuận',140,15),(4705,'Xã Thượng Bằng La',140,15),(4708,'Xã Minh An',140,15),(4711,'Xã Nghĩa Tâm',140,15),(4714,'Thị trấn Yên Bình',141,15),(4717,'Thị trấn Thác Bà',141,15),(4720,'Xã Xuân Long',141,15),(4726,'Xã Cảm Nhân',141,15),(4729,'Xã Ngọc Chấn',141,15),(4732,'Xã Tân Nguyên',141,15),(4735,'Xã Phúc Ninh',141,15),(4738,'Xã Bảo Ái',141,15),(4741,'Xã Mỹ Gia',141,15),(4744,'Xã Xuân Lai',141,15),(4747,'Xã Mông Sơn',141,15),(4750,'Xã Cảm Ân',141,15),(4753,'Xã Yên Thành',141,15),(4756,'Xã Tân Hương',141,15),(4759,'Xã Phúc An',141,15),(4762,'Xã Bạch Hà',141,15),(4765,'Xã Vũ Linh',141,15),(4768,'Xã Đại Đồng',141,15),(4771,'Xã Vĩnh Kiên',141,15),(4774,'Xã Yên Bình',141,15),(4777,'Xã Thịnh Hưng',141,15),(4780,'Xã Hán Đà',141,15),(4783,'Xã Phú Thịnh',141,15),(4786,'Xã Đại Minh',141,15),(4789,'Phường Thái Bình',148,17),(4792,'Phường Tân Hòa',148,17),(4795,'Phường Thịnh Lang',148,17),(4798,'Phường Hữu Nghị',148,17),(4801,'Phường Tân Thịnh',148,17),(4804,'Phường Đồng Tiến',148,17),(4807,'Phường Phương Lâm',148,17),(4813,'Xã Yên Mông',148,17),(4816,'Phường Quỳnh Lâm',148,17),(4819,'Phường Dân Chủ',148,17),(4825,'Xã Hòa Bình',148,17),(4828,'Phường Thống Nhất',148,17),(4831,'Thị trấn Đà Bắc',150,17),(4834,'Xã Nánh Nghê',150,17),(4840,'Xã Giáp Đắt',150,17),(4846,'Xã Mường Chiềng',150,17),(4849,'Xã Tân Pheo',150,17),(4852,'Xã Đồng Chum',150,17),(4855,'Xã Tân Minh',150,17),(4858,'Xã Đoàn Kết',150,17),(4861,'Xã Đồng Ruộng',150,17),(4867,'Xã Tú Lý',150,17),(4870,'Xã Trung Thành',150,17),(4873,'Xã Yên Hòa',150,17),(4876,'Xã Cao Sơn',150,17),(4879,'Xã Toàn Sơn',150,17),(4882,'Xã Tân Thành',156,17),(4885,'Xã Hiền Lương',150,17),(4888,'Xã Tiền Phong',150,17),(4891,'Xã Vầy Nưa',150,17),(4894,'Phường Kỳ Sơn',148,17),(4897,'Xã Thịnh Minh',148,17),(4903,'Xã Hợp Thành',148,17),(4906,'Xã Quang Tiến',148,17),(4912,'Xã Mông Hóa',148,17),(4918,'Phường Trung Minh',148,17),(4921,'Xã Độc Lập',148,17),(4924,'Thị trấn Lương Sơn',152,17),(4927,'Xã Yên Trung',276,1),(4930,'Xã Yên Bình',276,1),(4936,'Xã Tiến Xuân',276,1),(4939,'Xã Đông Xuân',275,1),(4942,'Xã Lâm Sơn',152,17),(4945,'Xã Hòa Sơn',152,17),(4951,'Xã Tân Vinh',152,17),(4954,'Xã Nhuận Trạch',152,17),(4957,'Xã Cao Sơn',152,17),(4960,'Xã Cư Yên',152,17),(4969,'Xã Liên Sơn',152,17),(4978,'Thị trấn Bo',153,17),(4981,'Thị trấn Ba Hàng Đồi',159,17),(4984,'Xã Đú Sáng',153,17),(4987,'Xã Hùng Sơn',153,17),(4990,'Xã Bình Sơn',153,17),(4999,'Xã Tú Sơn',153,17),(5005,'Xã Vĩnh Tiến',153,17),(5008,'Xã Cao Dương',152,17),(5014,'Xã Đông Bắc',153,17),(5017,'Xã Xuân Thủy',153,17),(5026,'Xã Vĩnh Đồng',153,17),(5035,'Xã Kim Lập',153,17),(5038,'Xã Hợp Tiến',153,17),(5041,'Xã Thanh Sơn',152,17),(5047,'Xã Thanh Cao',152,17),(5065,'Xã Kim Bôi',153,17),(5068,'Xã Nam Thượng',153,17),(5077,'Xã Cuối Hạ',153,17),(5080,'Xã Sào Báy',153,17),(5083,'Xã Mi Hòa',153,17),(5086,'Xã Nuông Dăm',153,17),(5089,'Thị trấn Cao Phong',154,17),(5092,'Xã Bình Thanh',154,17),(5095,'Xã Thung Nai',154,17),(5098,'Xã Bắc Phong',154,17),(5101,'Xã Thu Phong',154,17),(5104,'Xã Hợp Phong',154,17),(5110,'Xã Tây Phong',154,17),(5116,'Xã Dũng Phong',154,17),(5119,'Xã Nam Phong',154,17),(5125,'Xã Thạch Yên',154,17),(5128,'Thị trấn Mãn Đức',155,17),(5134,'Xã Suối Hoa',155,17),(5137,'Xã Phú Vinh',155,17),(5140,'Xã Phú Cường',155,17),(5143,'Xã Mỹ Hòa',155,17),(5152,'Xã Quyết Chiến',155,17),(5158,'Xã Phong Phú',155,17),(5164,'Xã Tử Nê',155,17),(5167,'Xã Thanh Hối',155,17),(5170,'Xã Ngọc Mỹ',155,17),(5173,'Xã Đông Lai',155,17),(5176,'Xã Vân Sơn',155,17),(5182,'Xã Nhân Mỹ',155,17),(5191,'Xã Lỗ Sơn',155,17),(5194,'Xã Ngổ Luông',155,17),(5197,'Xã Gia Mô',155,17),(5200,'Thị trấn Mai Châu',156,17),(5206,'Xã Sơn Thủy',156,17),(5209,'Xã Pà Cò',156,17),(5212,'Xã Hang Kia',156,17),(5221,'Xã Đồng Tân',156,17),(5224,'Xã Cun Pheo',156,17),(5227,'Xã Bao La',156,17),(5233,'Xã Tòng Đậu',156,17),(5242,'Xã Nà Phòn',156,17),(5245,'Xã Săm Khóe',156,17),(5248,'Xã Chiềng Châu',156,17),(5251,'Xã Mai Hạ',156,17),(5254,'Xã Thành Sơn',156,17),(5257,'Xã Mai Hịch',156,17),(5263,'Xã Vạn Mai',156,17),(5266,'Thị trấn Vụ Bản',157,17),(5269,'Xã Quý Hòa',157,17),(5272,'Xã Miền Đồi',157,17),(5275,'Xã Mỹ Thành',157,17),(5278,'Xã Tuân Đạo',157,17),(5281,'Xã Văn Nghĩa',157,17),(5284,'Xã Văn Sơn',157,17),(5287,'Xã Tân Lập',157,17),(5290,'Xã Nhân Nghĩa',157,17),(5293,'Xã Thượng Cốc',157,17),(5299,'Xã Quyết Thắng',157,17),(5302,'Xã Xuất Hóa',157,17),(5305,'Xã Yên Phú',157,17),(5308,'Xã Bình Hẻm',157,17),(5320,'Xã Định Cư',157,17),(5323,'Xã Chí Đạo',157,17),(5329,'Xã Ngọc Sơn',157,17),(5332,'Xã Hương Nhượng',157,17),(5335,'Xã Vũ Bình',157,17),(5338,'Xã Tự Do',157,17),(5341,'Xã Yên Nghiệp',157,17),(5344,'Xã Tân Mỹ',157,17),(5347,'Xã Ân Nghĩa',157,17),(5350,'Xã Ngọc Lâu',157,17),(5353,'Thị trấn Hàng Trạm',158,17),(5356,'Xã Lạc Sỹ',158,17),(5362,'Xã Lạc Lương',158,17),(5365,'Xã Bảo Hiệu',158,17),(5368,'Xã Đa Phúc',158,17),(5371,'Xã Hữu Lợi',158,17),(5374,'Xã Lạc Thịnh',158,17),(5380,'Xã Đoàn Kết',158,17),(5383,'Xã Phú Lai',158,17),(5386,'Xã Yên Trị',158,17),(5389,'Xã Ngọc Lương',158,17),(5392,'Thị trấn Chi Nê',159,17),(5395,'Xã Phú Nghĩa',159,17),(5398,'Xã Phú Thành',159,17),(5404,'Xã Hưng Thi',159,17),(5413,'Xã Khoan Dụ',159,17),(5419,'Xã Đồng Tâm',159,17),(5422,'Xã Yên Bồng',159,17),(5425,'Xã Thống Nhất',159,17),(5428,'Xã An Bình',159,17),(5431,'Phường Quán Triều',164,19),(5434,'Phường Quang Vinh',164,19),(5437,'Phường Túc Duyên',164,19),(5440,'Phường Hoàng Văn Thụ',164,19),(5443,'Phường Trưng Vương',164,19),(5446,'Phường Quang Trung',164,19),(5449,'Phường Phan Đình Phùng',164,19),(5452,'Phường Tân Thịnh',164,19),(5455,'Phường Thịnh Đán',164,19),(5458,'Phường Đồng Quang',164,19),(5461,'Phường Gia Sàng',164,19),(5464,'Phường Tân Lập',164,19),(5467,'Phường Cam Giá',164,19),(5470,'Phường Phú Xá',164,19),(5473,'Phường Hương Sơn',164,19),(5476,'Phường Trung Thành',164,19),(5479,'Phường Tân Thành',164,19),(5482,'Phường Tân Long',164,19),(5485,'Xã Phúc Hà',164,19),(5488,'Xã Phúc Xuân',164,19),(5491,'Xã Quyết Thắng',164,19),(5494,'Xã Phúc Trìu',164,19),(5497,'Xã Thịnh Đức',164,19),(5500,'Phường Tích Lương',164,19),(5503,'Xã Tân Cương',164,19),(5506,'Phường Lương Sơn',165,19),(5509,'Phường Châu Sơn',165,19),(5512,'Phường Mỏ Chè',165,19),(5515,'Phường Cải Đan',165,19),(5518,'Phường Thắng Lợi',165,19),(5521,'Phường Phố Cò',165,19),(5527,'Xã Tân Quang',165,19),(5528,'Phường Bách Quang',165,19),(5530,'Xã Bình Sơn',165,19),(5533,'Xã Bá Xuyên',165,19),(5536,'Thị trấn Chợ Chu',167,19),(5539,'Xã Linh Thông',167,19),(5542,'Xã Lam Vỹ',167,19),(5545,'Xã Quy Kỳ',167,19),(5548,'Xã Tân Thịnh',167,19),(5551,'Xã Kim Phượng',167,19),(5554,'Xã Bảo Linh',167,19),(5560,'Xã Phúc Chu',167,19),(5563,'Xã Tân Dương',167,19),(5566,'Xã Phượng Tiến',167,19),(5569,'Xã Bảo Cường',167,19),(5572,'Xã Đồng Thịnh',167,19),(5575,'Xã Định Biên',167,19),(5578,'Xã Thanh Định',167,19),(5581,'Xã Trung Hội',167,19),(5584,'Xã Trung Lương',167,19),(5587,'Xã Bình Yên',167,19),(5590,'Xã Điềm Mặc',167,19),(5593,'Xã Phú Tiến',167,19),(5596,'Xã Bộc Nhiêu',167,19),(5599,'Xã Sơn Phú',167,19),(5602,'Xã Phú Đình',167,19),(5605,'Xã Bình Thành',167,19),(5608,'Thị trấn Giang Tiên',168,19),(5611,'Thị trấn Đu',168,19),(5614,'Xã Yên Ninh',168,19),(5617,'Xã Yên Trạch',168,19),(5620,'Xã Yên Đổ',168,19),(5623,'Xã Yên Lạc',168,19),(5626,'Xã Ôn Lương',168,19),(5629,'Xã Động Đạt',168,19),(5632,'Xã Phủ Lý',168,19),(5635,'Xã Phú Đô',168,19),(5638,'Xã Hợp Thành',168,19),(5641,'Xã Tức Tranh',168,19),(5644,'Xã Phấn Mễ',168,19),(5647,'Xã Vô Tranh',168,19),(5650,'Xã Cổ Lũng',168,19),(5653,'Xã Sơn Cẩm',164,19),(5656,'Thị trấn Sông Cầu',169,19),(5659,'Phường Chùa Hang',164,19),(5662,'Thị trấn Trại Cau',169,19),(5665,'Xã Văn Lăng',169,19),(5668,'Xã Tân Long',169,19),(5671,'Xã Hòa Bình',169,19),(5674,'Xã Quang Sơn',169,19),(5677,'Xã Minh Lập',169,19),(5680,'Xã Văn Hán',169,19),(5683,'Xã Hóa Trung',169,19),(5686,'Xã Khe Mo',169,19),(5689,'Xã Cây Thị',169,19),(5692,'Xã Hóa Thượng',169,19),(5695,'Xã Cao Ngạn',164,19),(5698,'Xã Hợp Tiến',169,19),(5701,'Xã Linh Sơn',164,19),(5704,'Xã Tân Lợi',169,19),(5707,'Xã Nam Hòa',169,19),(5710,'Phường Đồng Bẩm',164,19),(5713,'Xã Huống Thượng',164,19),(5716,'Thị trấn Đình Cả',170,19),(5719,'Xã Sảng Mộc',170,19),(5722,'Xã Nghinh Tường',170,19),(5725,'Xã Thần Xa',170,19),(5728,'Xã Vũ Chấn',170,19),(5731,'Xã Thượng Nung',170,19),(5734,'Xã Phú Thượng',170,19),(5737,'Xã Cúc Đường',170,19),(5740,'Xã La Hiên',170,19),(5743,'Xã Lâu Thượng',170,19),(5746,'Xã Tràng Xá',170,19),(5749,'Xã Phương Giao',170,19),(5752,'Xã Liên Minh',170,19),(5755,'Xã Dân Tiến',170,19),(5758,'Xã Bình Long',170,19),(5761,'Thị trấn Hùng Sơn',171,19),(5764,'Thị trấn Quân Chu',171,19),(5767,'Xã Phúc Lương',171,19),(5770,'Xã Minh Tiến',171,19),(5773,'Xã Yên Lãng',171,19),(5776,'Xã Đức Lương',171,19),(5779,'Xã Phú Cường',171,19),(5782,'Xã Na Mao',171,19),(5785,'Xã Phú Lạc',171,19),(5788,'Xã Tân Linh',171,19),(5791,'Xã Phú Thịnh',171,19),(5794,'Xã Phục Linh',171,19),(5797,'Xã Phú Xuyên',171,19),(5800,'Xã Bản Ngoại',171,19),(5803,'Xã Tiên Hội',171,19),(5809,'Xã Cù Vân',171,19),(5812,'Xã Hà Thượng',171,19),(5815,'Xã La Bằng',171,19),(5818,'Xã Hoàng Nông',171,19),(5821,'Xã Khôi Kỳ',171,19),(5824,'Xã An Khánh',171,19),(5827,'Xã Tân Thái',171,19),(5830,'Xã Bình Thuận',171,19),(5833,'Xã Lục Ba',171,19),(5836,'Xã Mỹ Yên',171,19),(5839,'Xã Vạn Thọ',171,19),(5842,'Xã Văn Yên',171,19),(5845,'Xã Ký Phú',171,19),(5848,'Xã Cát Nê',171,19),(5851,'Xã Quân Chu',171,19),(5854,'Phường Bãi Bông',172,19),(5857,'Phường Bắc Sơn',172,19),(5860,'Phường Ba Hàng',172,19),(5863,'Xã Phúc Tân',172,19),(5866,'Xã Phúc Thuận',172,19),(5869,'Phường Hồng Tiến',172,19),(5872,'Xã Minh Đức',172,19),(5875,'Phường Đắc Sơn',172,19),(5878,'Phường Đồng Tiến',172,19),(5881,'Xã Thành Công',172,19),(5884,'Phường Tiên Phong',172,19),(5887,'Xã Vạn Phái',172,19),(5890,'Phường Nam Tiến',172,19),(5893,'Phường Tân Hương',172,19),(5896,'Phường Đông Cao',172,19),(5899,'Phường Trung Thành',172,19),(5902,'Phường Tân Phú',172,19),(5905,'Phường Thuận Thành',172,19),(5908,'Thị trấn Hương Sơn',173,19),(5911,'Xã Bàn Đạt',173,19),(5914,'Xã Đồng Liên',164,19),(5917,'Xã Tân Khánh',173,19),(5920,'Xã Tân Kim',173,19),(5923,'Xã Tân Thành',173,19),(5926,'Xã Đào Xá',173,19),(5929,'Xã Bảo Lý',173,19),(5932,'Xã Thượng Đình',173,19),(5935,'Xã Tân Hòa',173,19),(5938,'Xã Nhã Lộng',173,19),(5941,'Xã Điềm Thụy',173,19),(5944,'Xã Xuân Phương',173,19),(5947,'Xã Tân Đức',173,19),(5950,'Xã Úc Kỳ',173,19),(5953,'Xã Lương Phú',173,19),(5956,'Xã Nga My',173,19),(5959,'Xã Kha Sơn',173,19),(5962,'Xã Thanh Ninh',173,19),(5965,'Xã Dương Thành',173,19),(5968,'Xã Hà Châu',173,19),(5971,'Phường Hoàng Văn Thụ',178,20),(5974,'Phường Tam Thanh',178,20),(5977,'Phường Vĩnh Trại',178,20),(5980,'Phường Đông Kinh',178,20),(5983,'Phường Chi Lăng',178,20),(5986,'Xã Hoàng Đồng',178,20),(5989,'Xã Quảng Lạc',178,20),(5992,'Xã Mai Pha',178,20),(5995,'Thị trấn Thất Khê',180,20),(5998,'Xã Khánh Long',180,20),(6001,'Xã Đoàn Kết',180,20),(6004,'Xã Quốc Khánh',180,20),(6007,'Xã Vĩnh Tiến',180,20),(6010,'Xã Cao Minh',180,20),(6013,'Xã Chí Minh',180,20),(6016,'Xã Tri Phương',180,20),(6019,'Xã Tân Tiến',180,20),(6022,'Xã Tân Yên',180,20),(6025,'Xã Đội Cấn',180,20),(6028,'Xã Tân Minh',180,20),(6031,'Xã Kim Đồng',180,20),(6034,'Xã Chi Lăng',180,20),(6037,'Xã Trung Thành',180,20),(6040,'Xã Đại Đồng',180,20),(6043,'Xã Đào Viên',180,20),(6046,'Xã Đề Thám',180,20),(6049,'Xã Kháng Chiến',180,20),(6055,'Xã Hùng Sơn',180,20),(6058,'Xã Quốc Việt',180,20),(6061,'Xã Hùng Việt',180,20),(6067,'Xã Hưng Đạo',181,20),(6070,'Xã Vĩnh Yên',181,20),(6073,'Xã Hoa Thám',181,20),(6076,'Xã Quý Hòa',181,20),(6079,'Xã Hồng Phong',181,20),(6082,'Xã Yên Lỗ',181,20),(6085,'Xã Thiện Hòa',181,20),(6088,'Xã Quang Trung',181,20),(6091,'Xã Thiện Thuật',181,20),(6094,'Xã Minh Khai',181,20),(6097,'Xã Thiện Long',181,20),(6100,'Xã Hoàng Văn Thụ',181,20),(6103,'Xã Hòa Bình',181,20),(6106,'Xã Mông Ân',181,20),(6109,'Xã Tân Hòa',181,20),(6112,'Thị trấn Bình Gia',181,20),(6115,'Xã Hồng Thái',181,20),(6118,'Xã Bình La',181,20),(6121,'Xã Tân Văn',181,20),(6124,'Thị trấn Na Sầm',182,20),(6127,'Xã Trùng Khánh',182,20),(6133,'Xã Bắc La',182,20),(6136,'Xã Thụy Hùng',182,20),(6139,'Xã Bắc Hùng',182,20),(6142,'Xã Tân Tác',182,20),(6148,'Xã Thanh Long',182,20),(6151,'Xã Hội Hoan',182,20),(6154,'Xã Bắc Việt',182,20),(6157,'Xã Hoàng Việt',182,20),(6160,'Xã Gia Miễn',182,20),(6163,'Xã Thành Hòa',182,20),(6166,'Xã Tân Thanh',182,20),(6172,'Xã Tân Mỹ',182,20),(6175,'Xã Hồng Thái',182,20),(6178,'Xã  Hoàng Văn Thụ',182,20),(6181,'Xã Nhạc Kỳ',182,20),(6184,'Thị trấn Đồng Đăng',183,20),(6187,'Thị trấn Cao Lộc',183,20),(6190,'Xã Bảo Lâm',183,20),(6193,'Xã Thanh Lòa',183,20),(6196,'Xã Cao Lâu',183,20),(6199,'Xã Thạch Đạn',183,20),(6202,'Xã Xuất Lễ',183,20),(6205,'Xã Hồng Phong',183,20),(6208,'Xã Thụy Hùng',183,20),(6211,'Xã Lộc Yên',183,20),(6214,'Xã Phú Xá',183,20),(6217,'Xã Bình Trung',183,20),(6220,'Xã Hải Yến',183,20),(6223,'Xã Hòa Cư',183,20),(6226,'Xã Hợp Thành',183,20),(6232,'Xã Công Sơn',183,20),(6235,'Xã Gia Cát',183,20),(6238,'Xã Mẫu Sơn',183,20),(6241,'Xã Xuân Long',183,20),(6244,'Xã Tân Liên',183,20),(6247,'Xã Yên Trạch',183,20),(6250,'Xã Tân Thành',183,20),(6253,'Thị trấn Văn Quan',184,20),(6256,'Xã Trấn Ninh',184,20),(6268,'Xã Liên Hội',184,20),(6274,'Xã Hòa Bình',184,20),(6277,'Xã Tú Xuyên',184,20),(6280,'Xã Điềm He',184,20),(6283,'Xã An Sơn',184,20),(6286,'Xã Khánh Khê',184,20),(6292,'Xã Lương Năng',184,20),(6295,'Xã Đồng Giáp',184,20),(6298,'Xã Bình Phúc',184,20),(6301,'Xã Tràng Các',184,20),(6307,'Xã Tân Đoàn',184,20),(6313,'Xã Tri Lễ',184,20),(6316,'Xã Tràng Phái',184,20),(6319,'Xã Yên Phúc',184,20),(6322,'Xã Hữu Lễ',184,20),(6325,'Thị trấn Bắc Sơn',185,20),(6328,'Xã Long Đống',185,20),(6331,'Xã Vạn Thủy',185,20),(6337,'Xã Đồng ý',185,20),(6340,'Xã Tân Tri',185,20),(6343,'Xã Bắc Quỳnh',185,20),(6349,'Xã Hưng Vũ',185,20),(6352,'Xã Tân Lập',185,20),(6355,'Xã Vũ Sơn',185,20),(6358,'Xã Chiêu Vũ',185,20),(6361,'Xã Tân Hương',185,20),(6364,'Xã Chiến Thắng',185,20),(6367,'Xã Vũ Lăng',185,20),(6370,'Xã Trấn Yên',185,20),(6373,'Xã Vũ Lễ',185,20),(6376,'Xã Nhất Hòa',185,20),(6379,'Xã Tân Thành',185,20),(6382,'Xã Nhất Tiến',185,20),(6385,'Thị trấn Hữu Lũng',186,20),(6388,'Xã Hữu Liên',186,20),(6391,'Xã Yên Bình',186,20),(6394,'Xã Quyết Thắng',186,20),(6397,'Xã Hòa Bình',186,20),(6400,'Xã Yên Thịnh',186,20),(6403,'Xã Yên Sơn',186,20),(6406,'Xã Thiện Tân',186,20),(6412,'Xã Yên Vượng',186,20),(6415,'Xã Minh Tiến',186,20),(6418,'Xã Nhật Tiến',186,20),(6421,'Xã Thanh Sơn',186,20),(6424,'Xã Đồng Tân',186,20),(6427,'Xã Cai Kinh',186,20),(6430,'Xã Hòa Lạc',186,20),(6433,'Xã Vân Nham',186,20),(6436,'Xã Đồng Tiến',186,20),(6442,'Xã Tân Thành',186,20),(6445,'Xã Hòa Sơn',186,20),(6448,'Xã Minh Sơn',186,20),(6451,'Xã Hồ Sơn',186,20),(6454,'Xã Sơn Hà',186,20),(6457,'Xã Minh Hòa',186,20),(6460,'Xã Hòa Thắng',186,20),(6463,'Thị trấn Đồng Mỏ',187,20),(6466,'Thị trấn Chi Lăng',187,20),(6469,'Xã Vân An',187,20),(6472,'Xã Vân Thủy',187,20),(6475,'Xã Gia Lộc',187,20),(6478,'Xã Bắc Thủy',187,20),(6481,'Xã Chiến Thắng',187,20),(6484,'Xã Mai Sao',187,20),(6487,'Xã Bằng Hữu',187,20),(6490,'Xã Thượng Cường',187,20),(6493,'Xã Bằng Mạc',187,20),(6496,'Xã Nhân Lý',187,20),(6499,'Xã Lâm Sơn',187,20),(6502,'Xã Liên Sơn',187,20),(6505,'Xã Vạn Linh',187,20),(6508,'Xã Hòa Bình',187,20),(6514,'Xã Hữu Kiên',187,20),(6517,'Xã Quan Sơn',187,20),(6520,'Xã Y Tịch',187,20),(6523,'Xã Chi Lăng',187,20),(6526,'Thị trấn Na Dương',188,20),(6529,'Thị trấn Lộc Bình',188,20),(6532,'Xã Mẫu Sơn',188,20),(6541,'Xã Yên Khoái',188,20),(6544,'Xã Khánh Xuân',188,20),(6547,'Xã Tú Mịch',188,20),(6550,'Xã Hữu Khánh',188,20),(6553,'Xã Đồng Bục',188,20),(6559,'Xã Tam Gia',188,20),(6562,'Xã Tú Đoạn',188,20),(6565,'Xã Khuất Xá',188,20),(6574,'Xã Tĩnh Bắc',188,20),(6577,'Xã Thống Nhất',188,20),(6589,'Xã Sàn Viên',188,20),(6592,'Xã Đông Quan',188,20),(6595,'Xã Minh Hiệp',188,20),(6598,'Xã Hữu Lân',188,20),(6601,'Xã Lợi Bác',188,20),(6604,'Xã Nam Quan',188,20),(6607,'Xã Xuân Dương',188,20),(6610,'Xã Ái Quốc',188,20),(6613,'Thị trấn Đình Lập',189,20),(6616,'Thị trấn NT Thái Bình',189,20),(6619,'Xã Bắc Xa',189,20),(6622,'Xã Bính Xá',189,20),(6625,'Xã Kiên Mộc',189,20),(6628,'Xã Đình Lập',189,20),(6631,'Xã Thái Bình',189,20),(6634,'Xã Cường Lợi',189,20),(6637,'Xã Châu Sơn',189,20),(6640,'Xã Lâm Ca',189,20),(6643,'Xã Đồng Thắng',189,20),(6646,'Xã Bắc Lãng',189,20),(6649,'Phường Hà Khánh',193,22),(6652,'Phường Hà Phong',193,22),(6655,'Phường Hà Khẩu',193,22),(6658,'Phường Cao Xanh',193,22),(6661,'Phường Giếng Đáy',193,22),(6664,'Phường Hà Tu',193,22),(6667,'Phường Hà Trung',193,22),(6670,'Phường Hà Lầm',193,22),(6673,'Phường Bãi Cháy',193,22),(6676,'Phường Cao Thắng',193,22),(6679,'Phường Hùng Thắng',193,22),(6682,'Phường Yết Kiêu',193,22),(6685,'Phường Trần Hưng Đạo',193,22),(6688,'Phường Hồng Hải',193,22),(6691,'Phường Hồng Gai',193,22),(6694,'Phường Bạch Đằng',193,22),(6697,'Phường Hồng Hà',193,22),(6700,'Phường Tuần Châu',193,22),(6703,'Phường Việt Hưng',193,22),(6706,'Phường Đại Yên',193,22),(6709,'Phường Ka Long',194,22),(6712,'Phường Trần Phú',194,22),(6715,'Phường Ninh Dương',194,22),(6718,'Phường Hoà Lạc',194,22),(6721,'Phường Trà Cổ',194,22),(6724,'Xã Hải Sơn',194,22),(6727,'Xã Bắc Sơn',194,22),(6730,'Xã Hải Đông',194,22),(6733,'Xã Hải Tiến',194,22),(6736,'Phường Hải Yên',194,22),(6739,'Xã Quảng Nghĩa',194,22),(6742,'Phường Hải Hoà',194,22),(6745,'Xã Hải Xuân',194,22),(6748,'Xã Vạn Ninh',194,22),(6751,'Phường Bình Ngọc',194,22),(6754,'Xã Vĩnh Trung',194,22),(6757,'Xã Vĩnh Thực',194,22),(6760,'Phường Mông Dương',195,22),(6763,'Phường Cửa Ông',195,22),(6766,'Phường Cẩm Sơn',195,22),(6769,'Phường Cẩm Đông',195,22),(6772,'Phường Cẩm Phú',195,22),(6775,'Phường Cẩm Tây',195,22),(6778,'Phường Quang Hanh',195,22),(6781,'Phường Cẩm Thịnh',195,22),(6784,'Phường Cẩm Thủy',195,22),(6787,'Phường Cẩm Thạch',195,22),(6790,'Phường Cẩm Thành',195,22),(6793,'Phường Cẩm Trung',195,22),(6796,'Phường Cẩm Bình',195,22),(6799,'Xã Cộng Hòa',195,22),(6802,'Xã Cẩm Hải',195,22),(6805,'Xã Dương Huy',195,22),(6808,'Phường Vàng Danh',196,22),(6811,'Phường Thanh Sơn',196,22),(6814,'Phường Bắc Sơn',196,22),(6817,'Phường Quang Trung',196,22),(6820,'Phường Trưng Vương',196,22),(6823,'Phường Nam Khê',196,22),(6826,'Phường Yên Thanh',196,22),(6829,'Xã Thượng Yên Công',196,22),(6832,'Phường Phương Đông',196,22),(6835,'Phường Phương Nam',196,22),(6838,'Thị trấn Bình Liêu',198,22),(6841,'Xã Hoành Mô',198,22),(6844,'Xã Đồng Tâm',198,22),(6847,'Xã Đồng Văn',198,22),(6853,'Xã Vô Ngại',198,22),(6856,'Xã Lục Hồn',198,22),(6859,'Xã Húc Động',198,22),(6862,'Thị trấn Tiên Yên',199,22),(6865,'Xã Hà Lâu',199,22),(6868,'Xã Đại Dực',199,22),(6871,'Xã Phong Dụ',199,22),(6874,'Xã Điền Xá',199,22),(6877,'Xã Đông Ngũ',199,22),(6880,'Xã Yên Than',199,22),(6883,'Xã Đông Hải',199,22),(6886,'Xã Hải Lạng',199,22),(6889,'Xã Tiên Lãng',199,22),(6892,'Xã Đồng Rui',199,22),(6895,'Thị trấn Đầm Hà',200,22),(6898,'Xã Quảng Lâm',200,22),(6901,'Xã Quảng An',200,22),(6904,'Xã Tân Bình',200,22),(6910,'Xã Dực Yên',200,22),(6913,'Xã Quảng Tân',200,22),(6916,'Xã Đầm Hà',200,22),(6917,'Xã Tân Lập',200,22),(6919,'Xã Đại Bình',200,22),(6922,'Thị trấn Quảng Hà',201,22),(6925,'Xã Quảng Đức',201,22),(6928,'Xã Quảng Sơn',201,22),(6931,'Xã Quảng Thành',201,22),(6937,'Xã Quảng Thịnh',201,22),(6940,'Xã Quảng Minh',201,22),(6943,'Xã Quảng Chính',201,22),(6946,'Xã Quảng Long',201,22),(6949,'Xã Đường Hoa',201,22),(6952,'Xã Quảng Phong',201,22),(6967,'Xã Cái Chiên',201,22),(6970,'Thị trấn Ba Chẽ',202,22),(6973,'Xã Thanh Sơn',202,22),(6976,'Xã Thanh Lâm',202,22),(6979,'Xã Đạp Thanh',202,22),(6982,'Xã Nam Sơn',202,22),(6985,'Xã Lương Mông',202,22),(6988,'Xã Đồn Đạc',202,22),(6991,'Xã Minh Cầm',202,22),(6994,'Thị trấn Cái Rồng',203,22),(6997,'Xã Đài Xuyên',203,22),(7000,'Xã Bình Dân',203,22),(7003,'Xã Vạn Yên',203,22),(7006,'Xã Minh Châu',203,22),(7009,'Xã Đoàn Kết',203,22),(7012,'Xã Hạ Long',203,22),(7015,'Xã Đông Xá',203,22),(7018,'Xã Bản Sen',203,22),(7021,'Xã Thắng Lợi',203,22),(7024,'Xã Quan Lạn',203,22),(7027,'Xã Ngọc Vừng',203,22),(7030,'Phường Hoành Bồ',193,22),(7033,'Xã Kỳ Thượng',193,22),(7036,'Xã Đồng Sơn',193,22),(7039,'Xã Tân Dân',193,22),(7042,'Xã Đồng Lâm',193,22),(7045,'Xã Hòa Bình',193,22),(7048,'Xã Vũ Oai',193,22),(7051,'Xã Dân Chủ',193,22),(7054,'Xã Quảng La',193,22),(7057,'Xã Bằng Cả',193,22),(7060,'Xã Thống Nhất',193,22),(7063,'Xã Sơn Dương',193,22),(7066,'Xã Lê Lợi',193,22),(7069,'Phường Mạo Khê',205,22),(7072,'Phường Đông Triều',205,22),(7075,'Xã An Sinh',205,22),(7078,'Xã Tràng Lương',205,22),(7081,'Xã Bình Khê',205,22),(7084,'Xã Việt Dân',205,22),(7087,'Xã Tân Việt',205,22),(7090,'Xã Bình Dương',205,22),(7093,'Phường Đức Chính',205,22),(7096,'Phường Tràng An',205,22),(7099,'Xã Nguyễn Huệ',205,22),(7102,'Xã Thủy An',205,22),(7105,'Phường Xuân Sơn',205,22),(7108,'Xã Hồng Thái Tây',205,22),(7111,'Xã Hồng Thái Đông',205,22),(7114,'Phường Hoàng Quế',205,22),(7117,'Phường Yên Thọ',205,22),(7120,'Phường Hồng Phong',205,22),(7123,'Phường Kim Sơn',205,22),(7126,'Phường Hưng Đạo',205,22),(7129,'Xã Yên Đức',205,22),(7132,'Phường Quảng Yên',206,22),(7135,'Phường Đông Mai',206,22),(7138,'Phường Minh Thành',206,22),(7144,'Xã Sông Khoai',206,22),(7147,'Xã Hiệp Hòa',206,22),(7150,'Phường Cộng Hòa',206,22),(7153,'Xã Tiền An',206,22),(7156,'Xã Hoàng Tân',206,22),(7159,'Phường Tân An',206,22),(7162,'Phường Yên Giang',206,22),(7165,'Phường Nam Hoà',206,22),(7168,'Phường Hà An',206,22),(7171,'Xã Cẩm La',206,22),(7174,'Phường Phong Hải',206,22),(7177,'Phường Yên Hải',206,22),(7180,'Xã Liên Hòa',206,22),(7183,'Phường Phong Cốc',206,22),(7186,'Xã Liên Vị',206,22),(7189,'Xã Tiền Phong',206,22),(7192,'Thị trấn Cô Tô',207,22),(7195,'Xã Đồng Tiến',207,22),(7198,'Xã Thanh Lân',207,22),(7201,'Phường Thọ Xương',213,24),(7204,'Phường Trần Nguyên Hãn',213,24),(7207,'Phường Ngô Quyền',213,24),(7210,'Phường Hoàng Văn Thụ',213,24),(7213,'Phường Trần Phú',213,24),(7216,'Phường Mỹ Độ',213,24),(7219,'Phường Lê Lợi',213,24),(7222,'Xã Song Mai',213,24),(7225,'Phường Xương Giang',213,24),(7228,'Phường Đa Mai',213,24),(7231,'Phường Dĩnh Kế',213,24),(7243,'Xã Đồng Tiến',215,24),(7246,'Xã Canh Nậu',215,24),(7249,'Xã Xuân Lương',215,24),(7252,'Xã Tam Tiến',215,24),(7255,'Xã Đồng Vương',215,24),(7258,'Xã Đồng Hưu',215,24),(7260,'Xã Đồng Tâm',215,24),(7261,'Xã Tam Hiệp',215,24),(7264,'Xã Tiến Thắng',215,24),(7267,'Xã Hồng Kỳ',215,24),(7270,'Xã Đồng Lạc',215,24),(7273,'Xã Đông Sơn',215,24),(7276,'Xã Tân Hiệp',215,24),(7279,'Xã Hương Vĩ',215,24),(7282,'Xã Đồng Kỳ',215,24),(7285,'Xã An Thượng',215,24),(7288,'Thị trấn Phồn Xương',215,24),(7291,'Xã Tân Sỏi',215,24),(7294,'Thị trấn Bố Hạ',215,24),(7303,'Xã Lan Giới',216,24),(7306,'Thị trấn Nhã Nam',216,24),(7309,'Xã Tân Trung',216,24),(7312,'Xã Đại Hóa',216,24),(7315,'Xã Quang Tiến',216,24),(7318,'Xã Phúc Sơn',216,24),(7321,'Xã An Dương',216,24),(7324,'Xã Phúc Hòa',216,24),(7327,'Xã Liên Sơn',216,24),(7330,'Xã Hợp Đức',216,24),(7333,'Xã Lam Cốt',216,24),(7336,'Xã Cao Xá',216,24),(7339,'Thị trấn Cao Thượng',216,24),(7342,'Xã Việt Ngọc',216,24),(7345,'Xã Song Vân',216,24),(7348,'Xã Ngọc Châu',216,24),(7351,'Xã Ngọc Vân',216,24),(7354,'Xã Việt Lập',216,24),(7357,'Xã Liên Chung',216,24),(7360,'Xã Ngọc Thiện',216,24),(7363,'Xã Ngọc Lý',216,24),(7366,'Xã Quế Nham',216,24),(7375,'Thị trấn Vôi',217,24),(7378,'Xã Nghĩa Hòa',217,24),(7381,'Xã Nghĩa Hưng',217,24),(7384,'Xã Quang Thịnh',217,24),(7387,'Xã Hương Sơn',217,24),(7390,'Xã Đào Mỹ',217,24),(7393,'Xã Tiên Lục',217,24),(7396,'Xã An Hà',217,24),(7399,'Thị trấn Kép',217,24),(7402,'Xã Mỹ Hà',217,24),(7405,'Xã Hương Lạc',217,24),(7408,'Xã Dương Đức',217,24),(7411,'Xã Tân Thanh',217,24),(7414,'Xã Yên Mỹ',217,24),(7417,'Xã Tân Hưng',217,24),(7420,'Xã Mỹ Thái',217,24),(7426,'Xã Xương Lâm',217,24),(7429,'Xã Xuân Hương',217,24),(7432,'Xã Tân Dĩnh',217,24),(7435,'Xã Đại Lâm',217,24),(7438,'Xã Thái Đào',217,24),(7441,'Xã Dĩnh Trì',213,24),(7444,'Thị trấn Đồi Ngô',218,24),(7450,'Xã Đông Hưng',218,24),(7453,'Xã Đông Phú',218,24),(7456,'Xã Tam Dị',218,24),(7459,'Xã Bảo Sơn',218,24),(7462,'Xã Bảo Đài',218,24),(7465,'Xã Thanh Lâm',218,24),(7468,'Xã Tiên Nha',218,24),(7471,'Xã Trường Giang',218,24),(7477,'Xã Phương Sơn',218,24),(7480,'Xã Chu Điện',218,24),(7483,'Xã Cương Sơn',218,24),(7486,'Xã Nghĩa Phương',218,24),(7489,'Xã Vô Tranh',218,24),(7492,'Xã Bình Sơn',218,24),(7495,'Xã Lan Mẫu',218,24),(7498,'Xã Yên Sơn',218,24),(7501,'Xã Khám Lạng',218,24),(7504,'Xã Huyền Sơn',218,24),(7507,'Xã Trường Sơn',218,24),(7510,'Xã Lục Sơn',218,24),(7513,'Xã Bắc Lũng',218,24),(7516,'Xã Vũ Xá',218,24),(7519,'Xã Cẩm Lý',218,24),(7522,'Xã Đan Hội',218,24),(7525,'Thị trấn Chũ',219,24),(7528,'Xã Cấm Sơn',219,24),(7531,'Xã Tân Sơn',219,24),(7534,'Xã Phong Minh',219,24),(7537,'Xã Phong Vân',219,24),(7540,'Xã Xa Lý',219,24),(7543,'Xã Hộ Đáp',219,24),(7546,'Xã Sơn Hải',219,24),(7549,'Xã Thanh Hải',219,24),(7552,'Xã Kiên Lao',219,24),(7555,'Xã Biên Sơn',219,24),(7558,'Xã Kiên Thành',219,24),(7561,'Xã Hồng Giang',219,24),(7564,'Xã Kim Sơn',219,24),(7567,'Xã Tân Hoa',219,24),(7570,'Xã Giáp Sơn',219,24),(7573,'Xã Biển Động',219,24),(7576,'Xã Quý Sơn',219,24),(7579,'Xã Trù Hựu',219,24),(7582,'Xã Phì Điền',219,24),(7588,'Xã Tân Quang',219,24),(7591,'Xã Đồng Cốc',219,24),(7594,'Xã Tân Lập',219,24),(7597,'Xã Phú Nhuận',219,24),(7600,'Xã Mỹ An',219,24),(7603,'Xã Nam Dương',219,24),(7606,'Xã Tân Mộc',219,24),(7609,'Xã Đèo Gia',219,24),(7612,'Xã Phượng Sơn',219,24),(7615,'Thị trấn An Châu',220,24),(7616,'Thị trấn Tây Yên Tử',220,24),(7621,'Xã Vân Sơn',220,24),(7624,'Xã Hữu Sản',220,24),(7627,'Xã Đại Sơn',220,24),(7630,'Xã Phúc Sơn',220,24),(7636,'Xã Giáo Liêm',220,24),(7642,'Xã Cẩm Đàn',220,24),(7645,'Xã An Lạc',220,24),(7648,'Xã Vĩnh An',220,24),(7651,'Xã Yên Định',220,24),(7654,'Xã Lệ Viễn',220,24),(7660,'Xã An Bá',220,24),(7663,'Xã Tuấn Đạo',220,24),(7666,'Xã Dương Hưu',220,24),(7672,'Xã Long Sơn',220,24),(7678,'Xã Thanh Luận',220,24),(7681,'Thị trấn Nham Biền',221,24),(7682,'Thị trấn Tân An',221,24),(7684,'Xã Lão Hộ',221,24),(7687,'Xã Tân Mỹ',213,24),(7690,'Xã Hương Gián',221,24),(7696,'Xã Đồng Sơn',213,24),(7699,'Xã Tân Tiến',213,24),(7702,'Xã Quỳnh Sơn',221,24),(7705,'Xã Song Khê',213,24),(7708,'Xã Nội Hoàng',221,24),(7711,'Xã Tiền Phong',221,24),(7714,'Xã Xuân Phú',221,24),(7717,'Xã Tân Liễu',221,24),(7720,'Xã Trí Yên',221,24),(7723,'Xã Lãng Sơn',221,24),(7726,'Xã Yên Lư',221,24),(7729,'Xã Tiến Dũng',221,24),(7735,'Xã Đức Giang',221,24),(7738,'Xã Cảnh Thụy',221,24),(7741,'Xã Tư Mại',221,24),(7747,'Xã Đồng Việt',221,24),(7750,'Xã Đồng Phúc',221,24),(7759,'Xã Thượng Lan',222,24),(7762,'Xã Việt Tiến',222,24),(7765,'Xã Nghĩa Trung',222,24),(7768,'Xã Minh Đức',222,24),(7771,'Xã Hương Mai',222,24),(7774,'Xã Tự Lạn',222,24),(7777,'Thị trấn Bích Động',222,24),(7780,'Xã Trung Sơn',222,24),(7783,'Xã Hồng Thái',222,24),(7786,'Xã Tiên Sơn',222,24),(7789,'Xã Tăng Tiến',222,24),(7792,'Xã Quảng Minh',222,24),(7795,'Thị trấn Nếnh',222,24),(7798,'Xã Ninh Sơn',222,24),(7801,'Xã Vân Trung',222,24),(7804,'Xã Vân Hà',222,24),(7807,'Xã Quang Châu',222,24),(7813,'Xã Đồng Tân',223,24),(7816,'Xã Thanh Vân',223,24),(7819,'Xã Hoàng Lương',223,24),(7822,'Xã Hoàng Vân',223,24),(7825,'Xã Hoàng Thanh',223,24),(7828,'Xã Hoàng An',223,24),(7831,'Xã Ngọc Sơn',223,24),(7834,'Xã Thái Sơn',223,24),(7837,'Xã Hòa Sơn',223,24),(7840,'Thị trấn Thắng',223,24),(7843,'Xã Quang Minh',223,24),(7846,'Xã Lương Phong',223,24),(7849,'Xã Hùng Sơn',223,24),(7852,'Xã Đại Thành',223,24),(7855,'Xã Thường Thắng',223,24),(7858,'Xã Hợp Thịnh',223,24),(7861,'Xã Danh Thắng',223,24),(7864,'Xã Mai Trung',223,24),(7867,'Xã Đoan Bái',223,24),(7870,'Xã Bắc Lý',223,24),(7873,'Xã Xuân Cẩm',223,24),(7876,'Xã Hương Lâm',223,24),(7879,'Xã Đông Lỗ',223,24),(7882,'Xã Châu Minh',223,24),(7885,'Xã Mai Đình',223,24),(7888,'Phường Dữu Lâu',227,25),(7891,'Phường Vân Cơ',227,25),(7894,'Phường Nông Trang',227,25),(7897,'Phường Tân Dân',227,25),(7900,'Phường Gia Cẩm',227,25),(7903,'Phường Tiên Cát',227,25),(7906,'Phường Thọ Sơn',227,25),(7909,'Phường Thanh Miếu',227,25),(7912,'Phường Bạch Hạc',227,25),(7915,'Phường Bến Gót',227,25),(7918,'Phường Vân Phú',227,25),(7921,'Xã Phượng Lâu',227,25),(7924,'Xã Thụy Vân',227,25),(7927,'Phường Minh Phương',227,25),(7930,'Xã Trưng Vương',227,25),(7933,'Phường Minh Nông',227,25),(7936,'Xã Sông Lô',227,25),(7942,'Phường Hùng Vương',228,25),(7945,'Phường Phong Châu',228,25),(7948,'Phường Âu Cơ',228,25),(7951,'Xã Hà Lộc',228,25),(7954,'Xã Phú Hộ',228,25),(7957,'Xã Văn Lung',228,25),(7960,'Xã Thanh Minh',228,25),(7963,'Xã Hà Thạch',228,25),(7966,'Phường Thanh Vinh',228,25),(7969,'Thị trấn Đoan Hùng',230,25),(7975,'Xã Hùng Xuyên',230,25),(7981,'Xã Bằng Luân',230,25),(7984,'Xã Vân Du',230,25),(7987,'Xã Phú Lâm',230,25),(7993,'Xã Minh Lương',230,25),(7996,'Xã Bằng Doãn',230,25),(7999,'Xã Chí Đám',230,25),(8005,'Xã Phúc Lai',230,25),(8008,'Xã Ngọc Quan',230,25),(8014,'Xã Hợp Nhất',230,25),(8017,'Xã Sóc Đăng',230,25),(8023,'Xã Tây Cốc',230,25),(8026,'Xã Yên Kiện',230,25),(8029,'Xã Hùng Long',230,25),(8032,'Xã Vụ Quang',230,25),(8035,'Xã Vân Đồn',230,25),(8038,'Xã Tiêu Sơn',230,25),(8041,'Xã Minh Tiến',230,25),(8044,'Xã Minh Phú',230,25),(8047,'Xã Chân Mộng',230,25),(8050,'Xã Ca Đình',230,25),(8053,'Thị trấn Hạ Hoà',231,25),(8056,'Xã Đại Phạm',231,25),(8062,'Xã Đan Thượng',231,25),(8065,'Xã Hà Lương',231,25),(8071,'Xã Tứ Hiệp',231,25),(8080,'Xã Hiền Lương',231,25),(8089,'Xã Phương Viên',231,25),(8092,'Xã Gia Điền',231,25),(8095,'Xã Ấm Hạ',231,25),(8104,'Xã Hương Xạ',231,25),(8110,'Xã Xuân Áng',231,25),(8113,'Xã Yên Kỳ',231,25),(8119,'Xã Minh Hạc',231,25),(8122,'Xã Lang Sơn',231,25),(8125,'Xã Bằng Giã',231,25),(8128,'Xã Yên Luật',231,25),(8131,'Xã Vô Tranh',231,25),(8134,'Xã Văn Lang',231,25),(8140,'Xã Minh Côi',231,25),(8143,'Xã Vĩnh Chân',231,25),(8152,'Thị trấn Thanh Ba',232,25),(8156,'Xã Vân Lĩnh',232,25),(8158,'Xã Đông Lĩnh',232,25),(8161,'Xã Đại An',232,25),(8164,'Xã Hanh Cù',232,25),(8170,'Xã Đồng Xuân',232,25),(8173,'Xã Quảng Yên',232,25),(8179,'Xã Ninh Dân',232,25),(8194,'Xã Võ Lao',232,25),(8197,'Xã Khải Xuân',232,25),(8200,'Xã Mạn Lạn',232,25),(8203,'Xã Hoàng Cương',232,25),(8206,'Xã Chí Tiên',232,25),(8209,'Xã Đông Thành',232,25),(8215,'Xã Sơn Cương',232,25),(8218,'Xã Thanh Hà',232,25),(8221,'Xã Đỗ Sơn',232,25),(8224,'Xã Đỗ Xuyên',232,25),(8227,'Xã Lương Lỗ',232,25),(8230,'Thị trấn Phong Châu',233,25),(8233,'Xã Phú Mỹ',233,25),(8234,'Xã Lệ Mỹ',233,25),(8236,'Xã Liên Hoa',233,25),(8239,'Xã Trạm Thản',233,25),(8242,'Xã Trị Quận',233,25),(8245,'Xã Trung Giáp',233,25),(8248,'Xã Tiên Phú',233,25),(8251,'Xã Hạ Giáp',233,25),(8254,'Xã Bảo Thanh',233,25),(8257,'Xã Phú Lộc',233,25),(8260,'Xã Gia Thanh',233,25),(8263,'Xã Tiên Du',233,25),(8266,'Xã Phú Nham',233,25),(8272,'Xã An Đạo',233,25),(8275,'Xã Bình Phú',233,25),(8278,'Xã Phù Ninh',233,25),(8281,'Xã Kim Đức',227,25),(8287,'Xã Hùng Lô',227,25),(8290,'Thị trấn Yên Lập',234,25),(8293,'Xã Mỹ Lung',234,25),(8296,'Xã Mỹ Lương',234,25),(8299,'Xã Lương Sơn',234,25),(8302,'Xã Xuân An',234,25),(8305,'Xã Xuân Viên',234,25),(8308,'Xã Xuân Thủy',234,25),(8311,'Xã Trung Sơn',234,25),(8314,'Xã Hưng Long',234,25),(8317,'Xã Nga Hoàng',234,25),(8320,'Xã Đồng Lạc',234,25),(8323,'Xã Thượng Long',234,25),(8326,'Xã Đồng Thịnh',234,25),(8329,'Xã Phúc Khánh',234,25),(8332,'Xã Minh Hòa',234,25),(8335,'Xã Ngọc Lập',234,25),(8338,'Xã Ngọc Đồng',234,25),(8341,'Thị trấn Cẩm Khê',235,25),(8344,'Xã Tiên Lương',235,25),(8347,'Xã Tuy Lộc',235,25),(8350,'Xã Ngô Xá',235,25),(8353,'Xã Minh Tân',235,25),(8356,'Xã Phượng Vĩ',235,25),(8362,'Xã Thụy Liễu',235,25),(8374,'Xã Tùng Khê',235,25),(8377,'Xã Tam Sơn',235,25),(8380,'Xã Văn Bán',235,25),(8383,'Xã Cấp Dẫn',235,25),(8389,'Xã Xương Thịnh',235,25),(8392,'Xã Phú Khê',235,25),(8395,'Xã Sơn Tình',235,25),(8398,'Xã Yên Tập',235,25),(8401,'Xã Hương Lung',235,25),(8404,'Xã Tạ Xá',235,25),(8407,'Xã Phú Lạc',235,25),(8413,'Xã Chương Xá',235,25),(8416,'Xã Hùng Việt',235,25),(8419,'Xã Văn Khúc',235,25),(8422,'Xã Yên Dưỡng',235,25),(8428,'Xã Điêu Lương',235,25),(8431,'Xã Đồng Lương',235,25),(8434,'Thị trấn Hưng Hoá',236,25),(8440,'Xã Hiền Quan',236,25),(8443,'Xã Bắc Sơn',236,25),(8446,'Xã Thanh Uyên',236,25),(8461,'Xã Lam Sơn',236,25),(8467,'Xã Vạn Xuân',236,25),(8470,'Xã Quang Húc',236,25),(8473,'Xã Hương Nộn',236,25),(8476,'Xã Tề Lễ',236,25),(8479,'Xã Thọ Văn',236,25),(8482,'Xã Dị Nậu',236,25),(8491,'Xã Dân Quyền',236,25),(8494,'Thị trấn Lâm Thao',237,25),(8497,'Xã Tiên Kiên',237,25),(8498,'Thị trấn Hùng Sơn',237,25),(8500,'Xã Xuân Lũng',237,25),(8503,'Xã Hy Cương',227,25),(8506,'Xã Chu Hóa',227,25),(8509,'Xã Xuân Huy',237,25),(8512,'Xã Thạch Sơn',237,25),(8515,'Xã Thanh Đình',227,25),(8518,'Xã Sơn Vi',237,25),(8521,'Xã Phùng Nguyên',237,25),(8527,'Xã Cao Xá',237,25),(8533,'Xã Vĩnh Lại',237,25),(8536,'Xã Tứ Xã',237,25),(8539,'Xã Bản Nguyên',237,25),(8542,'Thị trấn Thanh Sơn',238,25),(8545,'Xã Thu Cúc',240,25),(8548,'Xã Thạch Kiệt',240,25),(8551,'Xã Thu Ngạc',240,25),(8554,'Xã Kiệt Sơn',240,25),(8557,'Xã Đồng Sơn',240,25),(8560,'Xã Lai Đồng',240,25),(8563,'Xã Sơn Hùng',238,25),(8566,'Xã Tân Phú',240,25),(8569,'Xã Mỹ Thuận',240,25),(8572,'Xã Địch Quả',238,25),(8575,'Xã Giáp Lai',238,25),(8578,'Xã Tân Sơn',240,25),(8581,'Xã Thục Luyện',238,25),(8584,'Xã Võ Miếu',238,25),(8587,'Xã Thạch Khoán',238,25),(8590,'Xã Xuân Đài',240,25),(8593,'Xã Minh Đài',240,25),(8596,'Xã Văn Luông',240,25),(8599,'Xã Xuân Sơn',240,25),(8602,'Xã Cự Thắng',238,25),(8605,'Xã Tất Thắng',238,25),(8608,'Xã Long Cốc',240,25),(8611,'Xã Văn Miếu',238,25),(8614,'Xã Cự Đồng',238,25),(8617,'Xã Kim Thượng',240,25),(8620,'Xã Tam Thanh',240,25),(8623,'Xã Thắng Sơn',238,25),(8626,'Xã Vinh Tiền',240,25),(8629,'Xã Tân Minh',238,25),(8632,'Xã Hương Cần',238,25),(8635,'Xã Khả Cửu',238,25),(8638,'Xã Đông Cửu',238,25),(8641,'Xã Tân Lập',238,25),(8644,'Xã Yên Lãng',238,25),(8647,'Xã Yên Lương',238,25),(8650,'Xã Thượng Cửu',238,25),(8653,'Xã Lương Nha',238,25),(8656,'Xã Yên Sơn',238,25),(8659,'Xã Tinh Nhuệ',238,25),(8662,'Xã Đào Xá',239,25),(8665,'Xã Thạch Đồng',239,25),(8668,'Xã Xuân Lộc',239,25),(8671,'Xã Tân Phương',239,25),(8674,'Thị trấn Thanh Thủy',239,25),(8677,'Xã Sơn Thủy',239,25),(8680,'Xã Bảo Yên',239,25),(8683,'Xã Đoan Hạ',239,25),(8686,'Xã Đồng Trung',239,25),(8689,'Xã Hoàng Xá',239,25),(8701,'Xã Tu Vũ',239,25),(8707,'Phường Tích Sơn',243,26),(8710,'Phường Liên Bảo',243,26),(8713,'Phường Hội Hợp',243,26),(8716,'Phường Đống Đa',243,26),(8719,'Phường Ngô Quyền',243,26),(8722,'Phường Đồng Tâm',243,26),(8725,'Xã Định Trung',243,26),(8728,'Phường Khai Quang',243,26),(8731,'Xã Thanh Trù',243,26),(8734,'Phường Trưng Trắc',244,26),(8737,'Phường Hùng Vương',244,26),(8740,'Phường Trưng Nhị',244,26),(8743,'Phường Phúc Thắng',244,26),(8746,'Phường Xuân Hoà',244,26),(8747,'Phường Đồng Xuân',244,26),(8749,'Xã Ngọc Thanh',244,26),(8752,'Xã Cao Minh',244,26),(8755,'Phường Nam Viêm',244,26),(8758,'Phường Tiền Châu',244,26),(8761,'Thị trấn Lập Thạch',246,26),(8764,'Xã Quang Sơn',246,26),(8767,'Xã Ngọc Mỹ',246,26),(8770,'Xã Hợp Lý',246,26),(8773,'Xã Lãng Công',253,26),(8776,'Xã Quang Yên',253,26),(8779,'Xã Bạch Lưu',253,26),(8782,'Xã Hải Lựu',253,26),(8785,'Xã Bắc Bình',246,26),(8788,'Xã Thái Hòa',246,26),(8789,'Thị trấn Hoa Sơn',246,26),(8791,'Xã Liễn Sơn',246,26),(8794,'Xã Xuân Hòa',246,26),(8797,'Xã Vân Trục',246,26),(8800,'Xã Đồng Quế',253,26),(8803,'Xã Nhân Đạo',253,26),(8806,'Xã Đôn Nhân',253,26),(8809,'Xã Phương Khoan',253,26),(8812,'Xã Liên Hòa',246,26),(8815,'Xã Tử Du',246,26),(8818,'Xã Tân Lập',253,26),(8821,'Xã Nhạo Sơn',253,26),(8824,'Thị trấn Tam Sơn',253,26),(8827,'Xã Như Thụy',253,26),(8830,'Xã Yên Thạch',253,26),(8833,'Xã Bàn Giản',246,26),(8836,'Xã Xuân Lôi',246,26),(8839,'Xã Đồng Ích',246,26),(8842,'Xã Tiên Lữ',246,26),(8845,'Xã Văn Quán',246,26),(8848,'Xã Đồng Thịnh',253,26),(8851,'Xã Tứ Yên',253,26),(8854,'Xã Đức Bác',253,26),(8857,'Xã Đình Chu',246,26),(8860,'Xã Cao Phong',253,26),(8863,'Xã Triệu Đề',246,26),(8866,'Xã Sơn Đông',246,26),(8869,'Thị trấn Hợp Hòa',247,26),(8872,'Xã Hoàng Hoa',247,26),(8875,'Xã Đồng Tĩnh',247,26),(8878,'Xã Kim Long',247,26),(8881,'Xã Hướng Đạo',247,26),(8884,'Xã Đạo Tú',247,26),(8887,'Xã An Hòa',247,26),(8890,'Xã Thanh Vân',247,26),(8893,'Xã Duy Phiên',247,26),(8896,'Xã Hoàng Đan',247,26),(8899,'Xã Hoàng Lâu',247,26),(8902,'Xã Vân Hội',247,26),(8905,'Xã Hợp Thịnh',247,26),(8908,'Thị trấn Tam Đảo',248,26),(8911,'Thị trấn Hợp Châu',248,26),(8914,'Xã Đạo Trù',248,26),(8917,'Xã Yên Dương',248,26),(8920,'Xã Bồ Lý',248,26),(8923,'Thị trấn Đại Đình',248,26),(8926,'Xã Tam Quan',248,26),(8929,'Xã Hồ Sơn',248,26),(8932,'Xã Minh Quang',248,26),(8935,'Thị trấn Hương Canh',249,26),(8936,'Thị trấn Gia Khánh',249,26),(8938,'Xã Trung Mỹ',249,26),(8944,'Thị trấn Bá Hiến',249,26),(8947,'Xã Thiện Kế',249,26),(8950,'Xã Hương Sơn',249,26),(8953,'Xã Tam Hợp',249,26),(8956,'Xã Quất Lưu',249,26),(8959,'Xã Sơn Lôi',249,26),(8962,'Thị trấn Đạo Đức',249,26),(8965,'Xã Tân Phong',249,26),(8968,'Thị trấn Thanh Lãng',249,26),(8971,'Xã Phú Xuân',249,26),(8973,'Thị trấn Chi Đông',250,1),(8974,'Xã Đại Thịnh',250,1),(8977,'Xã Kim Hoa',250,1),(8980,'Xã Thạch Đà',250,1),(8983,'Xã Tiến Thắng',250,1),(8986,'Xã Tự Lập',250,1),(8989,'Thị trấn Quang Minh',250,1),(8992,'Xã Thanh Lâm',250,1),(8995,'Xã Tam Đồng',250,1),(8998,'Xã Liên Mạc',250,1),(9001,'Xã Vạn Yên',250,1),(9004,'Xã Chu Phan',250,1),(9007,'Xã Tiến Thịnh',250,1),(9010,'Xã Mê Linh',250,1),(9013,'Xã Văn Khê',250,1),(9016,'Xã Hoàng Kim',250,1),(9019,'Xã Tiền Phong',250,1),(9022,'Xã Tráng Việt',250,1),(9025,'Thị trấn Yên Lạc',251,26),(9028,'Xã Đồng Cương',251,26),(9031,'Xã Đồng Văn',251,26),(9034,'Xã Bình Định',251,26),(9037,'Xã Trung Nguyên',251,26),(9040,'Xã Tề Lỗ',251,26),(9043,'Xã Tam Hồng',251,26),(9046,'Xã Yên Đồng',251,26),(9049,'Xã Văn Tiến',251,26),(9052,'Xã Nguyệt Đức',251,26),(9055,'Xã Yên Phương',251,26),(9058,'Xã Hồng Phương',251,26),(9061,'Xã Trung Kiên',251,26),(9064,'Xã Liên Châu',251,26),(9067,'Xã Đại Tự',251,26),(9070,'Xã Hồng Châu',251,26),(9073,'Xã Trung Hà',251,26),(9076,'Thị trấn Vĩnh Tường',252,26),(9079,'Xã Kim Xá',252,26),(9082,'Xã Yên Bình',252,26),(9085,'Xã Chấn Hưng',252,26),(9088,'Xã Nghĩa Hưng',252,26),(9091,'Xã Yên Lập',252,26),(9094,'Xã Việt Xuân',252,26),(9097,'Xã Bồ Sao',252,26),(9100,'Xã Đại Đồng',252,26),(9103,'Xã Tân Tiến',252,26),(9106,'Xã Lũng Hoà',252,26),(9109,'Xã Cao Đại',252,26),(9112,'Thị Trấn Thổ Tang',252,26),(9115,'Xã Vĩnh Sơn',252,26),(9118,'Xã Bình Dương',252,26),(9124,'Xã Tân Phú',252,26),(9127,'Xã Thượng Trưng',252,26),(9130,'Xã Vũ Di',252,26),(9133,'Xã Lý Nhân',252,26),(9136,'Xã Tuân Chính',252,26),(9139,'Xã Vân Xuân',252,26),(9142,'Xã Tam Phúc',252,26),(9145,'Thị trấn Tứ Trưng',252,26),(9148,'Xã Ngũ Kiên',252,26),(9151,'Xã An Tường',252,26),(9154,'Xã Vĩnh Thịnh',252,26),(9157,'Xã Phú Đa',252,26),(9160,'Xã Vĩnh Ninh',252,26),(9163,'Phường Vũ Ninh',256,27),(9166,'Phường Đáp Cầu',256,27),(9169,'Phường Thị Cầu',256,27),(9172,'Phường Kinh Bắc',256,27),(9175,'Phường Vệ An',256,27),(9178,'Phường Tiền An',256,27),(9181,'Phường Đại Phúc',256,27),(9184,'Phường Ninh Xá',256,27),(9187,'Phường Suối Hoa',256,27),(9190,'Phường Võ Cường',256,27),(9193,'Thị trấn Chờ',258,27),(9196,'Xã Dũng Liệt',258,27),(9199,'Xã Tam Đa',258,27),(9202,'Xã Tam Giang',258,27),(9205,'Xã Yên Trung',258,27),(9208,'Xã Thụy Hòa',258,27),(9211,'Xã Hòa Tiến',258,27),(9214,'Phường Hòa Long',256,27),(9217,'Xã Đông Tiến',258,27),(9220,'Xã Yên Phụ',258,27),(9223,'Xã Trung Nghĩa',258,27),(9226,'Phường Vạn An',256,27),(9229,'Xã Đông Phong',258,27),(9232,'Xã Long Châu',258,27),(9235,'Phường Khúc Xuyên',256,27),(9238,'Xã Văn Môn',258,27),(9241,'Xã Đông Thọ',258,27),(9244,'Phường Phong Khê',256,27),(9247,'Thị trấn Phố Mới',259,27),(9250,'Xã Việt Thống',259,27),(9253,'Xã Đại Xuân',259,27),(9256,'Phường Kim Chân',256,27),(9259,'Xã Nhân Hòa',259,27),(9262,'Xã Bằng An',259,27),(9265,'Xã Phương Liễu',259,27),(9268,'Xã Quế Tân',259,27),(9271,'Phường Vân Dương',256,27),(9274,'Xã Phù Lương',259,27),(9277,'Xã Phù Lãng',259,27),(9280,'Xã Phượng Mao',259,27),(9283,'Xã Việt Hùng',259,27),(9286,'Phường Nam Sơn',256,27),(9289,'Xã Ngọc Xá',259,27),(9292,'Xã Châu Phong',259,27),(9295,'Xã Bồng Lai',259,27),(9298,'Xã Cách Bi',259,27),(9301,'Xã Đào Viên',259,27),(9304,'Xã Yên Giả',259,27),(9307,'Xã Mộ Đạo',259,27),(9310,'Xã Đức Long',259,27),(9313,'Xã Chi Lăng',259,27),(9316,'Xã Hán Quảng',259,27),(9319,'Thị trấn Lim',260,27),(9322,'Xã Phú Lâm',260,27),(9325,'Phường Khắc Niệm',256,27),(9328,'Xã Nội Duệ',260,27),(9331,'Phường Hạp Lĩnh',256,27),(9334,'Xã Liên Bão',260,27),(9337,'Xã Hiên Vân',260,27),(9340,'Xã Hoàn Sơn',260,27),(9343,'Xã Lạc Vệ',260,27),(9346,'Xã Việt Đoàn',260,27),(9349,'Xã Phật Tích',260,27),(9352,'Xã Tân Chi',260,27),(9355,'Xã Đại Đồng',260,27),(9358,'Xã Tri Phương',260,27),(9361,'Xã Minh Đạo',260,27),(9364,'Xã Cảnh Hưng',260,27),(9367,'Phường Đông Ngàn',261,27),(9370,'Phường Tam Sơn',261,27),(9373,'Phường Hương Mạc',261,27),(9376,'Phường Tương Giang',261,27),(9379,'Phường Phù Khê',261,27),(9382,'Phường Đồng Kỵ',261,27),(9383,'Phường Trang Hạ',261,27),(9385,'Phường Đồng Nguyên',261,27),(9388,'Phường Châu Khê',261,27),(9391,'Phường Tân Hồng',261,27),(9394,'Phường Đình Bảng',261,27),(9397,'Phường Phù Chẩn',261,27),(9400,'Thị trấn Hồ',262,27),(9403,'Xã Hoài Thượng',262,27),(9406,'Xã Đại Đồng Thành',262,27),(9409,'Xã Mão Điền',262,27),(9412,'Xã Song Hồ',262,27),(9415,'Xã Đình Tổ',262,27),(9418,'Xã An Bình',262,27),(9421,'Xã Trí Quả',262,27),(9424,'Xã Gia Đông',262,27),(9427,'Xã Thanh Khương',262,27),(9430,'Xã Trạm Lộ',262,27),(9433,'Xã Xuân Lâm',262,27),(9436,'Xã Hà Mãn',262,27),(9439,'Xã Ngũ Thái',262,27),(9442,'Xã Nguyệt Đức',262,27),(9445,'Xã Ninh Xá',262,27),(9448,'Xã Nghĩa Đạo',262,27),(9451,'Xã Song Liễu',262,27),(9454,'Thị trấn Gia Bình',263,27),(9457,'Xã Vạn Ninh',263,27),(9460,'Xã Thái Bảo',263,27),(9463,'Xã Giang Sơn',263,27),(9466,'Xã Cao Đức',263,27),(9469,'Xã Đại Lai',263,27),(9472,'Xã Song Giang',263,27),(9475,'Xã Bình Dương',263,27),(9478,'Xã Lãng Ngâm',263,27),(9481,'Xã Nhân Thắng',263,27),(9484,'Xã Xuân Lai',263,27),(9487,'Xã Đông Cứu',263,27),(9490,'Xã Đại Bái',263,27),(9493,'Xã Quỳnh Phú',263,27),(9496,'Thị trấn Thứa',264,27),(9499,'Xã An Thịnh',264,27),(9502,'Xã Trung Kênh',264,27),(9505,'Xã Phú Hòa',264,27),(9508,'Xã Mỹ Hương',264,27),(9511,'Xã Tân Lãng',264,27),(9514,'Xã Quảng Phú',264,27),(9517,'Xã Trừng Xá',264,27),(9520,'Xã Lai Hạ',264,27),(9523,'Xã Trung Chính',264,27),(9526,'Xã Minh Tân',264,27),(9529,'Xã Bình Định',264,27),(9532,'Xã Phú Lương',264,27),(9535,'Xã Lâm Thao',264,27),(9538,'Phường Nguyễn Trãi',268,1),(9541,'Phường Mộ Lao',268,1),(9542,'Phường Văn Quán',268,1),(9544,'Phường Vạn Phúc',268,1),(9547,'Phường Yết Kiêu',268,1),(9550,'Phường Quang Trung',268,1),(9551,'Phường La Khê',268,1),(9552,'Phường Phú La',268,1),(9553,'Phường Phúc La',268,1),(9556,'Phường Hà Cầu',268,1),(9562,'Phường Yên Nghĩa',268,1),(9565,'Phường Kiến Hưng',268,1),(9568,'Phường Phú Lãm',268,1),(9571,'Phường Phú Lương',268,1),(9574,'Phường Lê Lợi',269,1),(9577,'Phường Phú Thịnh',269,1),(9580,'Phường Ngô Quyền',269,1),(9583,'Phường Quang Trung',269,1),(9586,'Phường Sơn Lộc',269,1),(9589,'Phường Xuân Khanh',269,1),(9592,'Xã Đường Lâm',269,1),(9595,'Phường Viên Sơn',269,1),(9598,'Xã Xuân Sơn',269,1),(9601,'Phường Trung Hưng',269,1),(9604,'Xã Thanh Mỹ',269,1),(9607,'Phường Trung Sơn Trầm',269,1),(9610,'Xã Kim Sơn',269,1),(9613,'Xã Sơn Đông',269,1),(9616,'Xã Cổ Đông',269,1),(9619,'Thị trấn Tây Đằng',271,1),(9625,'Xã Phú Cường',271,1),(9628,'Xã Cổ Đô',271,1),(9631,'Xã Tản Hồng',271,1),(9634,'Xã Vạn Thắng',271,1),(9637,'Xã Châu Sơn',271,1),(9640,'Xã Phong Vân',271,1),(9643,'Xã Phú Đông',271,1),(9646,'Xã Phú Phương',271,1),(9649,'Xã Phú Châu',271,1),(9652,'Xã Thái Hòa',271,1),(9655,'Xã Đồng Thái',271,1),(9658,'Xã Phú Sơn',271,1),(9661,'Xã Minh Châu',271,1),(9664,'Xã Vật Lại',271,1),(9667,'Xã Chu Minh',271,1),(9670,'Xã Tòng Bạt',271,1),(9673,'Xã Cẩm Lĩnh',271,1),(9676,'Xã Sơn Đà',271,1),(9679,'Xã Đông Quang',271,1),(9682,'Xã Tiên Phong',271,1),(9685,'Xã Thụy An',271,1),(9688,'Xã Cam Thượng',271,1),(9691,'Xã Thuần Mỹ',271,1),(9694,'Xã Tản Lĩnh',271,1),(9697,'Xã Ba Trại',271,1),(9700,'Xã Minh Quang',271,1),(9703,'Xã Ba Vì',271,1),(9706,'Xã Vân Hòa',271,1),(9709,'Xã Yên Bài',271,1),(9712,'Xã Khánh Thượng',271,1),(9715,'Thị trấn Phúc Thọ',272,1),(9718,'Xã Vân Hà',272,1),(9721,'Xã Vân Phúc',272,1),(9724,'Xã Vân Nam',272,1),(9727,'Xã Xuân Đình',272,1),(9733,'Xã Sen Phương',272,1),(9739,'Xã Võng Xuyên',272,1),(9742,'Xã Thọ Lộc',272,1),(9745,'Xã Long Xuyên',272,1),(9748,'Xã Thượng Cốc',272,1),(9751,'Xã Hát Môn',272,1),(9754,'Xã Tích Giang',272,1),(9757,'Xã Thanh Đa',272,1),(9760,'Xã Trạch Mỹ Lộc',272,1),(9763,'Xã Phúc Hòa',272,1),(9766,'Xã Ngọc Tảo',272,1),(9769,'Xã Phụng Thượng',272,1),(9772,'Xã Tam Thuấn',272,1),(9775,'Xã Tam Hiệp',272,1),(9778,'Xã Hiệp Thuận',272,1),(9781,'Xã Liên Hiệp',272,1),(9784,'Thị trấn Phùng',273,1),(9787,'Xã Trung Châu',273,1),(9790,'Xã Thọ An',273,1),(9793,'Xã Thọ Xuân',273,1),(9796,'Xã Hồng Hà',273,1),(9799,'Xã Liên Hồng',273,1),(9802,'Xã Liên Hà',273,1),(9805,'Xã Hạ Mỗ',273,1),(9808,'Xã Liên Trung',273,1),(9811,'Xã Phương Đình',273,1),(9814,'Xã Thượng Mỗ',273,1),(9817,'Xã Tân Hội',273,1),(9820,'Xã Tân Lập',273,1),(9823,'Xã Đan Phượng',273,1),(9826,'Xã Đồng Tháp',273,1),(9829,'Xã Song Phượng',273,1),(9832,'Thị trấn Trạm Trôi',274,1),(9835,'Xã Đức Thượng',274,1),(9838,'Xã Minh Khai',274,1),(9841,'Xã Dương Liễu',274,1),(9844,'Xã Di Trạch',274,1),(9847,'Xã Đức Giang',274,1),(9850,'Xã Cát Quế',274,1),(9853,'Xã Kim Chung',274,1),(9856,'Xã Yên Sở',274,1),(9859,'Xã Sơn Đồng',274,1),(9862,'Xã Vân Canh',274,1),(9865,'Xã Đắc Sở',274,1),(9868,'Xã Lại Yên',274,1),(9871,'Xã Tiền Yên',274,1),(9874,'Xã Song Phương',274,1),(9877,'Xã An Khánh',274,1),(9880,'Xã An Thượng',274,1),(9883,'Xã Vân Côn',274,1),(9886,'Phường Dương Nội',268,1),(9889,'Xã La Phù',274,1),(9892,'Xã Đông La',274,1),(9895,'Thị trấn Quốc Oai',275,1),(9898,'Xã Sài Sơn',275,1),(9901,'Xã Phượng Cách',275,1),(9904,'Xã Yên Sơn',275,1),(9907,'Xã Ngọc Liệp',275,1),(9910,'Xã Ngọc Mỹ',275,1),(9913,'Xã Liệp Tuyết',275,1),(9916,'Xã Thạch Thán',275,1),(9919,'Xã Đồng Quang',275,1),(9922,'Xã Phú Cát',275,1),(9925,'Xã Tuyết Nghĩa',275,1),(9928,'Xã Nghĩa Hương',275,1),(9931,'Xã Cộng Hòa',275,1),(9934,'Xã Tân Phú',275,1),(9937,'Xã Đại Thành',275,1),(9940,'Xã Phú Mãn',275,1),(9943,'Xã Cấn Hữu',275,1),(9946,'Xã Tân Hòa',275,1),(9949,'Xã Hòa Thạch',275,1),(9952,'Xã Đông Yên',275,1),(9955,'Thị trấn Liên Quan',276,1),(9958,'Xã Đại Đồng',276,1),(9961,'Xã Cẩm Yên',276,1),(9964,'Xã Lại Thượng',276,1),(9967,'Xã Phú Kim',276,1),(9970,'Xã Hương Ngải',276,1),(9973,'Xã Canh Nậu',276,1),(9976,'Xã Kim Quan',276,1),(9979,'Xã Dị Nậu',276,1),(9982,'Xã Bình Yên',276,1),(9985,'Xã Chàng Sơn',276,1),(9988,'Xã Thạch Hoà',276,1),(9991,'Xã Cần Kiệm',276,1),(9994,'Xã Hữu Bằng',276,1),(9997,'Xã Phùng Xá',276,1),(10000,'Xã Tân Xã',276,1),(10003,'Xã Thạch Xá',276,1),(10006,'Xã Bình Phú',276,1),(10009,'Xã Hạ Bằng',276,1),(10012,'Xã Đồng Trúc',276,1),(10015,'Thị trấn Chúc Sơn',277,1),(10018,'Thị trấn Xuân Mai',277,1),(10021,'Xã Phụng Châu',277,1),(10024,'Xã Tiên Phương',277,1),(10027,'Xã Đông Sơn',277,1),(10030,'Xã Đông Phương Yên',277,1),(10033,'Xã Phú Nghĩa',277,1),(10039,'Xã Trường Yên',277,1),(10042,'Xã Ngọc Hòa',277,1),(10045,'Xã Thủy Xuân Tiên',277,1),(10048,'Xã Thanh Bình',277,1),(10051,'Xã Trung Hòa',277,1),(10054,'Xã Đại Yên',277,1),(10057,'Xã Thụy Hương',277,1),(10060,'Xã Tốt Động',277,1),(10063,'Xã Lam Điền',277,1),(10066,'Xã Tân Tiến',277,1),(10069,'Xã Nam Phương Tiến',277,1),(10072,'Xã Hợp Đồng',277,1),(10075,'Xã Hoàng Văn Thụ',277,1),(10078,'Xã Hoàng Diệu',277,1),(10081,'Xã Hữu Văn',277,1),(10084,'Xã Quảng Bị',277,1),(10087,'Xã Mỹ Lương',277,1),(10090,'Xã Thượng Vực',277,1),(10093,'Xã Hồng Phong',277,1),(10096,'Xã Đồng Phú',277,1),(10099,'Xã Trần Phú',277,1),(10102,'Xã Văn Võ',277,1),(10105,'Xã Đồng Lạc',277,1),(10108,'Xã Hòa Chính',277,1),(10111,'Xã Phú Nam An',277,1),(10114,'Thị trấn Kim Bài',278,1),(10117,'Phường Đồng Mai',268,1),(10120,'Xã Cự Khê',278,1),(10123,'Phường Biên Giang',268,1),(10126,'Xã Bích Hòa',278,1),(10129,'Xã Mỹ Hưng',278,1),(10132,'Xã Cao Viên',278,1),(10135,'Xã Bình Minh',278,1),(10138,'Xã Tam Hưng',278,1),(10141,'Xã Thanh Cao',278,1),(10144,'Xã Thanh Thùy',278,1),(10147,'Xã Thanh Mai',278,1),(10150,'Xã Thanh Văn',278,1),(10153,'Xã Đỗ Động',278,1),(10156,'Xã Kim An',278,1),(10159,'Xã Kim Thư',278,1),(10162,'Xã Phương Trung',278,1),(10165,'Xã Tân Ước',278,1),(10168,'Xã Dân Hòa',278,1),(10171,'Xã Liên Châu',278,1),(10174,'Xã Cao Dương',278,1),(10177,'Xã Xuân Dương',278,1),(10180,'Xã Hồng Dương',278,1),(10183,'Thị trấn Thường Tín',279,1),(10186,'Xã Ninh Sở',279,1),(10189,'Xã Nhị Khê',279,1),(10192,'Xã Duyên Thái',279,1),(10195,'Xã Khánh Hà',279,1),(10198,'Xã Hòa Bình',279,1),(10201,'Xã Văn Bình',279,1),(10204,'Xã Hiền Giang',279,1),(10207,'Xã Hồng Vân',279,1),(10210,'Xã Vân Tảo',279,1),(10213,'Xã Liên Phương',279,1),(10216,'Xã Văn Phú',279,1),(10219,'Xã Tự Nhiên',279,1),(10222,'Xã Tiền Phong',279,1),(10225,'Xã Hà Hồi',279,1),(10228,'Xã Thư Phú',279,1),(10231,'Xã Nguyễn Trãi',279,1),(10234,'Xã Quất Động',279,1),(10237,'Xã Chương Dương',279,1),(10240,'Xã Tân Minh',279,1),(10243,'Xã Lê Lợi',279,1),(10246,'Xã Thắng Lợi',279,1),(10249,'Xã Dũng Tiến',279,1),(10252,'Xã Thống Nhất',279,1),(10255,'Xã Nghiêm Xuyên',279,1),(10258,'Xã Tô Hiệu',279,1),(10261,'Xã Văn Tự',279,1),(10264,'Xã Vạn Điểm',279,1),(10267,'Xã Minh Cường',279,1),(10270,'Thị trấn Phú Minh',280,1),(10273,'Thị trấn Phú Xuyên',280,1),(10276,'Xã Hồng Minh',280,1),(10279,'Xã Phượng Dực',280,1),(10282,'Xã Nam Tiến',280,1),(10288,'Xã Tri Trung',280,1),(10291,'Xã Đại Thắng',280,1),(10294,'Xã Phú Túc',280,1),(10297,'Xã Văn Hoàng',280,1),(10300,'Xã Hồng Thái',280,1),(10303,'Xã Hoàng Long',280,1),(10306,'Xã Quang Trung',280,1),(10309,'Xã Nam Phong',280,1),(10312,'Xã Nam Triều',280,1),(10315,'Xã Tân Dân',280,1),(10318,'Xã Sơn Hà',280,1),(10321,'Xã Chuyên Mỹ',280,1),(10324,'Xã Khai Thái',280,1),(10327,'Xã Phúc Tiến',280,1),(10330,'Xã Vân Từ',280,1),(10333,'Xã Tri Thủy',280,1),(10336,'Xã Đại Xuyên',280,1),(10339,'Xã Phú Yên',280,1),(10342,'Xã Bạch Hạ',280,1),(10345,'Xã Quang Lãng',280,1),(10348,'Xã Châu Can',280,1),(10351,'Xã Minh Tân',280,1),(10354,'Thị trấn Vân Đình',281,1),(10357,'Xã Viên An',281,1),(10360,'Xã Viên Nội',281,1),(10363,'Xã Hoa Sơn',281,1),(10366,'Xã Quảng Phú Cầu',281,1),(10369,'Xã Trường Thịnh',281,1),(10372,'Xã Cao Thành',281,1),(10375,'Xã Liên Bạt',281,1),(10378,'Xã Sơn Công',281,1),(10381,'Xã Đồng Tiến',281,1),(10384,'Xã Phương Tú',281,1),(10387,'Xã Trung Tú',281,1),(10390,'Xã Đồng Tân',281,1),(10393,'Xã Tảo Dương Văn',281,1),(10396,'Xã Vạn Thái',281,1),(10399,'Xã Minh Đức',281,1),(10402,'Xã Hòa Lâm',281,1),(10405,'Xã Hòa Xá',281,1),(10408,'Xã Trầm Lộng',281,1),(10411,'Xã Kim Đường',281,1),(10414,'Xã Hòa Nam',281,1),(10417,'Xã Hòa Phú',281,1),(10420,'Xã Đội Bình',281,1),(10423,'Xã Đại Hùng',281,1),(10426,'Xã Đông Lỗ',281,1),(10429,'Xã Phù Lưu',281,1),(10432,'Xã Đại Cường',281,1),(10435,'Xã Lưu Hoàng',281,1),(10438,'Xã Hồng Quang',281,1),(10441,'Thị trấn Đại Nghĩa',282,1),(10444,'Xã Đồng Tâm',282,1),(10447,'Xã Thượng Lâm',282,1),(10450,'Xã Tuy Lai',282,1),(10453,'Xã Phúc Lâm',282,1),(10456,'Xã Mỹ Thành',282,1),(10459,'Xã Bột Xuyên',282,1),(10462,'Xã An Mỹ',282,1),(10465,'Xã Hồng Sơn',282,1),(10468,'Xã Lê Thanh',282,1),(10471,'Xã Xuy Xá',282,1),(10474,'Xã Phùng Xá',282,1),(10477,'Xã Phù Lưu Tế',282,1),(10480,'Xã Đại Hưng',282,1),(10483,'Xã Vạn Kim',282,1),(10486,'Xã Đốc Tín',282,1),(10489,'Xã Hương Sơn',282,1),(10492,'Xã Hùng Tiến',282,1),(10495,'Xã An Tiến',282,1),(10498,'Xã Hợp Tiến',282,1),(10501,'Xã Hợp Thanh',282,1),(10504,'Xã An Phú',282,1),(10507,'Phường Cẩm Thượng',288,30),(10510,'Phường Bình Hàn',288,30),(10513,'Phường Ngọc Châu',288,30),(10514,'Phường Nhị Châu',288,30),(10516,'Phường Quang Trung',288,30),(10519,'Phường Nguyễn Trãi',288,30),(10522,'Phường Phạm Ngũ Lão',288,30),(10525,'Phường Trần Hưng Đạo',288,30),(10528,'Phường Trần Phú',288,30),(10531,'Phường Thanh Bình',288,30),(10532,'Phường Tân Bình',288,30),(10534,'Phường Lê Thanh Nghị',288,30),(10537,'Phường Hải Tân',288,30),(10540,'Phường Tứ Minh',288,30),(10543,'Phường Việt Hoà',288,30),(10546,'Phường Phả Lại',290,30),(10549,'Phường Sao Đỏ',290,30),(10552,'Phường Bến Tắm',290,30),(10555,'Xã Hoàng Hoa Thám',290,30),(10558,'Xã Bắc An',290,30),(10561,'Xã Hưng Đạo',290,30),(10564,'Xã Lê Lợi',290,30),(10567,'Phường Hoàng Tiến',290,30),(10570,'Phường Cộng Hoà',290,30),(10573,'Phường Hoàng Tân',290,30),(10576,'Phường Cổ Thành',290,30),(10579,'Phường Văn An',290,30),(10582,'Phường Chí Minh',290,30),(10585,'Phường Văn Đức',290,30),(10588,'Phường Thái Học',290,30),(10591,'Xã Nhân Huệ',290,30),(10594,'Phường An Lạc',290,30),(10600,'Phường Đồng Lạc',290,30),(10603,'Phường Tân Dân',290,30),(10606,'Thị trấn Nam Sách',291,30),(10609,'Xã Nam Hưng',291,30),(10612,'Xã Nam Tân',291,30),(10615,'Xã Hợp Tiến',291,30),(10618,'Xã Hiệp Cát',291,30),(10621,'Xã Thanh Quang',291,30),(10624,'Xã Quốc Tuấn',291,30),(10627,'Xã Nam Chính',291,30),(10630,'Xã An Bình',291,30),(10633,'Xã Nam Trung',291,30),(10636,'Xã An Sơn',291,30),(10639,'Xã Cộng Hòa',291,30),(10642,'Xã Thái Tân',291,30),(10645,'Xã An Lâm',291,30),(10648,'Xã Phú Điền',291,30),(10651,'Xã Nam Hồng',291,30),(10654,'Xã Hồng Phong',291,30),(10657,'Xã Đồng Lạc',291,30),(10660,'Phường Ái Quốc',288,30),(10663,'Xã An Thượng',288,30),(10666,'Xã Minh Tân',291,30),(10672,'Phường Nam Đồng',288,30),(10675,'Phường An Lưu',292,30),(10678,'Xã Bạch Đằng',292,30),(10681,'Phường Thất Hùng',292,30),(10684,'Xã Lê Ninh',292,30),(10687,'Xã Hoành Sơn',292,30),(10693,'Phường Phạm Thái',292,30),(10696,'Phường Duy Tân',292,30),(10699,'Phường Tân Dân',292,30),(10702,'Phường Minh Tân',292,30),(10705,'Xã Quang Thành',292,30),(10708,'Xã Hiệp Hòa',292,30),(10714,'Phường Phú Thứ',292,30),(10717,'Xã Thăng Long',292,30),(10720,'Xã Lạc Long',292,30),(10723,'Phường An Sinh',292,30),(10726,'Phường Hiệp Sơn',292,30),(10729,'Xã Thượng Quận',292,30),(10732,'Phường An Phụ',292,30),(10735,'Phường Hiệp An',292,30),(10738,'Phường Long Xuyên',292,30),(10741,'Phường Thái Thịnh',292,30),(10744,'Phường Hiến Thành',292,30),(10747,'Xã Minh Hòa',292,30),(10750,'Thị trấn Phú Thái',293,30),(10753,'Xã Lai Vu',293,30),(10756,'Xã Cộng Hòa',293,30),(10759,'Xã Thượng Vũ',293,30),(10762,'Xã Cổ Dũng',293,30),(10768,'Xã Tuấn Việt',293,30),(10771,'Xã Kim Xuyên',293,30),(10774,'Xã Phúc Thành A',293,30),(10777,'Xã Ngũ Phúc',293,30),(10780,'Xã Kim Anh',293,30),(10783,'Xã Kim Liên',293,30),(10786,'Xã Kim Tân',293,30),(10792,'Xã Kim Đính',293,30),(10798,'Xã Bình Dân',293,30),(10801,'Xã Tam Kỳ',293,30),(10804,'Xã Đồng Cẩm',293,30),(10807,'Xã Liên Hòa',293,30),(10810,'Xã Đại Đức',293,30),(10813,'Thị trấn Thanh Hà',294,30),(10816,'Xã Hồng Lạc',294,30),(10819,'Xã Việt Hồng',294,30),(10822,'Xã Quyết Thắng',288,30),(10825,'Xã Tân Việt',294,30),(10828,'Xã Cẩm Chế',294,30),(10831,'Xã Thanh An',294,30),(10834,'Xã Thanh Lang',294,30),(10837,'Xã Tiền Tiến',288,30),(10840,'Xã Tân An',294,30),(10843,'Xã Liên Mạc',294,30),(10846,'Xã Thanh Hải',294,30),(10849,'Xã Thanh Khê',294,30),(10852,'Xã Thanh Xá',294,30),(10855,'Xã Thanh Xuân',294,30),(10861,'Xã Thanh Thủy',294,30),(10864,'Xã An Phượng',294,30),(10867,'Xã Thanh Sơn',294,30),(10876,'Xã Thanh Quang',294,30),(10879,'Xã Thanh Hồng',294,30),(10882,'Xã Thanh Cường',294,30),(10885,'Xã Vĩnh Lập',294,30),(10888,'Thị trấn Cẩm Giang',295,30),(10891,'Thị trấn Lai Cách',295,30),(10894,'Xã Cẩm Hưng',295,30),(10897,'Xã Cẩm Hoàng',295,30),(10900,'Xã Cẩm Văn',295,30),(10903,'Xã Ngọc Liên',295,30),(10906,'Xã Thạch Lỗi',295,30),(10909,'Xã Cẩm Vũ',295,30),(10912,'Xã Đức Chính',295,30),(10918,'Xã Định Sơn',295,30),(10924,'Xã Lương Điền',295,30),(10927,'Xã Cao An',295,30),(10930,'Xã Tân Trường',295,30),(10933,'Xã Cẩm Phúc',295,30),(10936,'Xã Cẩm Điền',295,30),(10939,'Xã Cẩm Đông',295,30),(10942,'Xã Cẩm Đoài',295,30),(10945,'Thị trấn Kẻ Sặt',296,30),(10951,'Xã Vĩnh Hưng',296,30),(10954,'Xã Hùng Thắng',296,30),(10960,'Xã Vĩnh Hồng',296,30),(10963,'Xã Long Xuyên',296,30),(10966,'Xã Tân Việt',296,30),(10969,'Xã Thúc Kháng',296,30),(10972,'Xã Tân Hồng',296,30),(10975,'Xã Bình Minh',296,30),(10978,'Xã Hồng Khê',296,30),(10981,'Xã Thái Học',296,30),(10984,'Xã Cổ Bì',296,30),(10987,'Xã Nhân Quyền',296,30),(10990,'Xã Thái Dương',296,30),(10993,'Xã Thái Hòa',296,30),(10996,'Xã Bình Xuyên',296,30),(10999,'Thị trấn Gia Lộc',297,30),(11002,'Phường Thạch Khôi',288,30),(11005,'Xã Liên Hồng',288,30),(11008,'Xã Thống Nhất',297,30),(11011,'Phường Tân Hưng',288,30),(11017,'Xã Gia Xuyên',288,30),(11020,'Xã Yết Kiêu',297,30),(11029,'Xã Gia Tân',297,30),(11032,'Xã Tân Tiến',297,30),(11035,'Xã Gia Khánh',297,30),(11038,'Xã Gia Lương',297,30),(11041,'Xã Lê Lợi',297,30),(11044,'Xã Toàn Thắng',297,30),(11047,'Xã Hoàng Diệu',297,30),(11050,'Xã Hồng Hưng',297,30),(11053,'Xã Phạm Trấn',297,30),(11056,'Xã Đoàn Thượng',297,30),(11059,'Xã Thống Kênh',297,30),(11062,'Xã Quang Minh',297,30),(11065,'Xã Đồng Quang',297,30),(11068,'Xã Nhật Tân',297,30),(11071,'Xã Đức Xương',297,30),(11074,'Thị trấn Tứ Kỳ',298,30),(11077,'Xã Ngọc Sơn',288,30),(11083,'Xã Đại Sơn',298,30),(11086,'Xã Hưng Đạo',298,30),(11089,'Xã Ngọc Kỳ',298,30),(11092,'Xã Bình Lăng',298,30),(11095,'Xã Chí Minh',298,30),(11098,'Xã Tái Sơn',298,30),(11101,'Xã Quang Phục',298,30),(11110,'Xã Dân Chủ',298,30),(11113,'Xã Tân Kỳ',298,30),(11116,'Xã Quang Khải',298,30),(11119,'Xã Đại Hợp',298,30),(11122,'Xã Quảng Nghiệp',298,30),(11125,'Xã An Thanh',298,30),(11128,'Xã Minh Đức',298,30),(11131,'Xã Văn Tố',298,30),(11134,'Xã Quang Trung',298,30),(11137,'Xã Phượng Kỳ',298,30),(11140,'Xã Cộng Lạc',298,30),(11143,'Xã Tiên Động',298,30),(11146,'Xã Nguyên Giáp',298,30),(11149,'Xã Hà Kỳ',298,30),(11152,'Xã Hà Thanh',298,30),(11155,'Thị trấn Ninh Giang',299,30),(11161,'Xã Ứng Hoè',299,30),(11164,'Xã Nghĩa An',299,30),(11167,'Xã Hồng Đức',299,30),(11173,'Xã An Đức',299,30),(11176,'Xã Vạn Phúc',299,30),(11179,'Xã Tân Hương',299,30),(11185,'Xã Vĩnh Hòa',299,30),(11188,'Xã Đông Xuyên',299,30),(11197,'Xã Tân Phong',299,30),(11200,'Xã Ninh Hải',299,30),(11203,'Xã Đồng Tâm',299,30),(11206,'Xã Tân Quang',299,30),(11209,'Xã Kiến Quốc',299,30),(11215,'Xã Hồng Dụ',299,30),(11218,'Xã Văn Hội',299,30),(11224,'Xã Hồng Phong',299,30),(11227,'Xã Hiệp Lực',299,30),(11230,'Xã Hồng Phúc',299,30),(11233,'Xã Hưng Long',299,30),(11239,'Thị trấn Thanh Miện',300,30),(11242,'Xã Thanh Tùng',300,30),(11245,'Xã Phạm Kha',300,30),(11248,'Xã Ngô Quyền',300,30),(11251,'Xã Đoàn Tùng',300,30),(11254,'Xã Hồng Quang',300,30),(11257,'Xã Tân Trào',300,30),(11260,'Xã Lam Sơn',300,30),(11263,'Xã Đoàn Kết',300,30),(11266,'Xã Lê Hồng',300,30),(11269,'Xã Tứ Cường',300,30),(11275,'Xã Ngũ Hùng',300,30),(11278,'Xã Cao Thắng',300,30),(11281,'Xã Chi Lăng Bắc',300,30),(11284,'Xã Chi Lăng Nam',300,30),(11287,'Xã Thanh Giang',300,30),(11293,'Xã Hồng Phong',300,30),(11296,'Phường Quán Toan',303,31),(11299,'Phường Hùng Vương',303,31),(11302,'Phường Sở Dầu',303,31),(11305,'Phường Thượng Lý',303,31),(11308,'Phường Hạ Lý',303,31),(11311,'Phường Minh Khai',303,31),(11314,'Phường Trại Chuối',303,31),(11320,'Phường Hoàng Văn Thụ',303,31),(11323,'Phường Phan Bội Châu',303,31),(11329,'Phường Máy Chai',304,31),(11332,'Phường Máy Tơ',304,31),(11335,'Phường Vạn Mỹ',304,31),(11338,'Phường Cầu Tre',304,31),(11341,'Phường Lạc Viên',304,31),(11344,'Phường Cầu Đất',304,31),(11347,'Phường Gia Viên',304,31),(11350,'Phường Đông Khê',304,31),(11356,'Phường Lê Lợi',304,31),(11359,'Phường Đằng Giang',304,31),(11362,'Phường Lạch Tray',304,31),(11365,'Phường Đổng Quốc Bình',304,31),(11368,'Phường Cát Dài',305,31),(11371,'Phường An Biên',305,31),(11374,'Phường Lam Sơn',305,31),(11377,'Phường An Dương',305,31),(11380,'Phường Trần Nguyên Hãn',305,31),(11383,'Phường Hồ Nam',305,31),(11386,'Phường Trại Cau',305,31),(11389,'Phường Dư Hàng',305,31),(11392,'Phường Hàng Kênh',305,31),(11395,'Phường Đông Hải',305,31),(11398,'Phường Niệm Nghĩa',305,31),(11401,'Phường Nghĩa Xá',305,31),(11404,'Phường Dư Hàng Kênh',305,31),(11405,'Phường Kênh Dương',305,31),(11407,'Phường Vĩnh Niệm',305,31),(11410,'Phường Đông Hải 1',306,31),(11411,'Phường Đông Hải 2',306,31),(11413,'Phường Đằng Lâm',306,31),(11414,'Phường Thành Tô',306,31),(11416,'Phường Đằng Hải',306,31),(11419,'Phường Nam Hải',306,31),(11422,'Phường Cát Bi',306,31),(11425,'Phường Tràng Cát',306,31),(11428,'Phường Quán Trữ',307,31),(11429,'Phường Lãm Hà',307,31),(11431,'Phường Đồng Hoà',307,31),(11434,'Phường Bắc Sơn',307,31),(11437,'Phường Nam Sơn',307,31),(11440,'Phường Ngọc Sơn',307,31),(11443,'Phường Trần Thành Ngọ',307,31),(11446,'Phường Văn Đẩu',307,31),(11449,'Phường Phù Liễn',307,31),(11452,'Phường Tràng Minh',307,31),(11455,'Phường Ngọc Xuyên',308,31),(11458,'Phường Hải Sơn',308,31),(11461,'Phường Vạn Hương',308,31),(11465,'Phường Minh Đức',308,31),(11467,'Phường Bàng La',308,31),(11470,'Thị trấn Núi Đèo',311,31),(11473,'Thị trấn Minh Đức',311,31),(11476,'Xã Lại Xuân',311,31),(11479,'Xã An Sơn',311,31),(11482,'Xã Kỳ Sơn',311,31),(11485,'Xã Liên Khê',311,31),(11488,'Xã Lưu Kiếm',311,31),(11491,'Xã Lưu Kỳ',311,31),(11494,'Xã Gia Minh',311,31),(11497,'Xã Gia Đức',311,31),(11500,'Xã Minh Tân',311,31),(11503,'Xã Phù Ninh',311,31),(11506,'Xã Quảng Thanh',311,31),(11509,'Xã Chính Mỹ',311,31),(11512,'Xã Kênh Giang',311,31),(11515,'Xã Hợp Thành',311,31),(11518,'Xã Cao Nhân',311,31),(11521,'Xã Mỹ Đồng',311,31),(11524,'Xã Đông Sơn',311,31),(11527,'Xã Hoà Bình',311,31),(11530,'Xã Trung Hà',311,31),(11533,'Xã An Lư',311,31),(11536,'Xã Thuỷ Triều',311,31),(11539,'Xã Ngũ Lão',311,31),(11542,'Xã Phục Lễ',311,31),(11545,'Xã Tam Hưng',311,31),(11548,'Xã Phả Lễ',311,31),(11551,'Xã Lập Lễ',311,31),(11554,'Xã Kiền Bái',311,31),(11557,'Xã Thiên Hương',311,31),(11560,'Xã Thuỷ Sơn',311,31),(11563,'Xã Thuỷ Đường',311,31),(11566,'Xã Hoàng Động',311,31),(11569,'Xã Lâm Động',311,31),(11572,'Xã Hoa Động',311,31),(11575,'Xã Tân Dương',311,31),(11578,'Xã Dương Quan',311,31),(11581,'Thị trấn An Dương',312,31),(11584,'Xã Lê Thiện',312,31),(11587,'Xã Đại Bản',312,31),(11590,'Xã An Hoà',312,31),(11593,'Xã Hồng Phong',312,31),(11596,'Xã Tân Tiến',312,31),(11599,'Xã An Hưng',312,31),(11602,'Xã An Hồng',312,31),(11605,'Xã Bắc Sơn',312,31),(11608,'Xã Nam Sơn',312,31),(11611,'Xã Lê Lợi',312,31),(11614,'Xã Đặng Cương',312,31),(11617,'Xã Đồng Thái',312,31),(11620,'Xã Quốc Tuấn',312,31),(11623,'Xã An Đồng',312,31),(11626,'Xã Hồng Thái',312,31),(11629,'Thị trấn An Lão',313,31),(11632,'Xã Bát Trang',313,31),(11635,'Xã Trường Thọ',313,31),(11638,'Xã Trường Thành',313,31),(11641,'Xã An Tiến',313,31),(11644,'Xã Quang Hưng',313,31),(11647,'Xã Quang Trung',313,31),(11650,'Xã Quốc Tuấn',313,31),(11653,'Xã An Thắng',313,31),(11656,'Thị trấn Trường Sơn',313,31),(11659,'Xã Tân Dân',313,31),(11662,'Xã Thái Sơn',313,31),(11665,'Xã Tân Viên',313,31),(11668,'Xã Mỹ Đức',313,31),(11671,'Xã Chiến Thắng',313,31),(11674,'Xã An Thọ',313,31),(11677,'Xã An Thái',313,31),(11680,'Thị trấn Núi Đối',314,31),(11683,'Phường Đa Phúc',309,31),(11686,'Phường Hưng Đạo',309,31),(11689,'Phường Anh Dũng',309,31),(11692,'Phường Hải Thành',309,31),(11695,'Xã Đông Phương',314,31),(11698,'Xã Thuận Thiên',314,31),(11701,'Xã Hữu Bằng',314,31),(11704,'Xã Đại Đồng',314,31),(11707,'Phường Hoà Nghĩa',309,31),(11710,'Xã Ngũ Phúc',314,31),(11713,'Xã Kiến Quốc',314,31),(11716,'Xã Du Lễ',314,31),(11719,'Xã Thuỵ Hương',314,31),(11722,'Xã Thanh Sơn',314,31),(11725,'Xã Minh Tân',314,31),(11728,'Xã Đại Hà',314,31),(11731,'Xã Ngũ Đoan',314,31),(11734,'Xã Tân Phong',314,31),(11737,'Phường Hợp Đức',308,31),(11740,'Phường Tân Thành',309,31),(11743,'Xã Tân Trào',314,31),(11746,'Xã Đoàn Xá',314,31),(11749,'Xã Tú Sơn',314,31),(11752,'Xã Đại Hợp',314,31),(11755,'Thị trấn Tiên Lãng',315,31),(11758,'Xã Đại Thắng',315,31),(11761,'Xã Tiên Cường',315,31),(11764,'Xã Tự Cường',315,31),(11770,'Xã Quyết Tiến',315,31),(11773,'Xã Khởi Nghĩa',315,31),(11776,'Xã Tiên Thanh',315,31),(11779,'Xã Cấp Tiến',315,31),(11782,'Xã Kiến Thiết',315,31),(11785,'Xã Đoàn Lập',315,31),(11788,'Xã Bạch Đằng',315,31),(11791,'Xã Quang Phục',315,31),(11794,'Xã Toàn Thắng',315,31),(11797,'Xã Tiên Thắng',315,31),(11800,'Xã Tiên Minh',315,31),(11803,'Xã Bắc Hưng',315,31),(11806,'Xã Nam Hưng',315,31),(11809,'Xã Hùng Thắng',315,31),(11812,'Xã Tây Hưng',315,31),(11815,'Xã Đông Hưng',315,31),(11821,'Xã Vinh Quang',315,31),(11824,'Thị trấn Vĩnh Bảo',316,31),(11827,'Xã Dũng Tiến',316,31),(11830,'Xã Giang Biên',316,31),(11833,'Xã Thắng Thuỷ',316,31),(11836,'Xã Trung Lập',316,31),(11839,'Xã Việt Tiến',316,31),(11842,'Xã Vĩnh An',316,31),(11845,'Xã Vĩnh Long',316,31),(11848,'Xã Hiệp Hoà',316,31),(11851,'Xã Hùng Tiến',316,31),(11854,'Xã An Hoà',316,31),(11857,'Xã Tân Hưng',316,31),(11860,'Xã Tân Liên',316,31),(11863,'Xã Nhân Hoà',316,31),(11866,'Xã Tam Đa',316,31),(11869,'Xã Hưng Nhân',316,31),(11872,'Xã Vinh Quang',316,31),(11875,'Xã Đồng Minh',316,31),(11878,'Xã Thanh Lương',316,31),(11881,'Xã Liên Am',316,31),(11884,'Xã Lý Học',316,31),(11887,'Xã Tam Cường',316,31),(11890,'Xã Hoà Bình',316,31),(11893,'Xã Tiền Phong',316,31),(11896,'Xã Vĩnh Phong',316,31),(11899,'Xã Cộng Hiền',316,31),(11902,'Xã Cao Minh',316,31),(11905,'Xã Cổ Am',316,31),(11908,'Xã Vĩnh Tiến',316,31),(11911,'Xã Trấn Dương',316,31),(11914,'Thị trấn Cát Bà',317,31),(11917,'Thị trấn Cát Hải',317,31),(11920,'Xã Nghĩa Lộ',317,31),(11923,'Xã Đồng Bài',317,31),(11926,'Xã Hoàng Châu',317,31),(11929,'Xã Văn Phong',317,31),(11932,'Xã Phù Long',317,31),(11935,'Xã Gia Luận',317,31),(11938,'Xã Hiền Hào',317,31),(11941,'Xã Trân Châu',317,31),(11944,'Xã Việt Hải',317,31),(11947,'Xã Xuân Đám',317,31);
/*!40000 ALTER TABLE `location_ward` ENABLE KEYS */;
UNLOCK TABLES;

--
-- Table structure for table `news`
--

DROP TABLE IF EXISTS `news`;
/*!40101 SET @saved_cs_client     = @@character_set_client */;
/*!50503 SET character_set_client = utf8mb4 */;
CREATE TABLE `news` (
  `id` int NOT NULL AUTO_INCREMENT,
  `title` varchar(255) CHARACTER SET utf8mb4 COLLATE utf8mb4_unicode_ci NOT NULL,
  `content` longtext CHARACTER SET utf8mb4 COLLATE utf8mb4_unicode_ci NOT NULL,
  `quantity_likes` int NOT NULL DEFAULT '0',
  `quantity_views` int NOT NULL DEFAULT '0',
  `posted_date` datetime NOT NULL,
  `updated_date` datetime NOT NULL,
  `user_id` int DEFAULT NULL,
  PRIMARY KEY (`id`),
  UNIQUE KEY `id_UNIQUE` (`id`),
  UNIQUE KEY `title_UNIQUE` (`title`),
  KEY `fk_news_user_idx` (`user_id`),
  CONSTRAINT `fk_news_user` FOREIGN KEY (`user_id`) REFERENCES `user` (`id`) ON DELETE SET NULL ON UPDATE CASCADE
) ENGINE=InnoDB DEFAULT CHARSET=utf8mb4 COLLATE=utf8mb4_unicode_ci COMMENT='Tin tức du lịch: tiêu đề, nội dung, số lượt like, số lượt xem, ngày đăng, ngày chỉnh sửa, người đăng (FK)';
/*!40101 SET character_set_client = @saved_cs_client */;

--
-- Dumping data for table `news`
--

LOCK TABLES `news` WRITE;
/*!40000 ALTER TABLE `news` DISABLE KEYS */;
/*!40000 ALTER TABLE `news` ENABLE KEYS */;
UNLOCK TABLES;

--
-- Table structure for table `places`
--

DROP TABLE IF EXISTS `places`;
/*!40101 SET @saved_cs_client     = @@character_set_client */;
/*!50503 SET character_set_client = utf8mb4 */;
CREATE TABLE `places` (
  `id` int NOT NULL AUTO_INCREMENT,
  `name` varchar(100) CHARACTER SET utf8 COLLATE utf8_general_ci NOT NULL,
  `description` longtext CHARACTER SET utf8mb4 COLLATE utf8mb4_unicode_ci,
  `image` longtext COLLATE utf8mb4_unicode_ci,
  `location_id` int DEFAULT NULL,
  PRIMARY KEY (`id`),
  UNIQUE KEY `id_UNIQUE` (`id`),
  KEY `fk_place_location_idx` (`location_id`),
  CONSTRAINT `fk_places_location` FOREIGN KEY (`location_id`) REFERENCES `location` (`id`) ON DELETE SET NULL ON UPDATE CASCADE
) ENGINE=InnoDB AUTO_INCREMENT=4 DEFAULT CHARSET=utf8mb4 COLLATE=utf8mb4_unicode_ci COMMENT='Địa điểm tham quan: tên địa điểm, địa chỉ, mô tả về địa điểm, hình ảnh';
/*!40101 SET character_set_client = @saved_cs_client */;

--
-- Dumping data for table `places`
--

LOCK TABLES `places` WRITE;
/*!40000 ALTER TABLE `places` DISABLE KEYS */;
INSERT INTO `places` VALUES (1,'Hồ Hoàn Kiếm',NULL,NULL,1),(2,'Vườn thú Hà Nội',NULL,NULL,2),(3,'Văn Miếu - Quốc Tử Giám',NULL,NULL,3);
/*!40000 ALTER TABLE `places` ENABLE KEYS */;
UNLOCK TABLES;

--
-- Table structure for table `reaction`
--

DROP TABLE IF EXISTS `reaction`;
/*!40101 SET @saved_cs_client     = @@character_set_client */;
/*!50503 SET character_set_client = utf8mb4 */;
CREATE TABLE `reaction` (
  `id` int NOT NULL AUTO_INCREMENT,
  `user_id` int DEFAULT NULL,
  `news_id` int DEFAULT NULL,
  `is_like` bit(1) NOT NULL DEFAULT b'0',
  `comment` varchar(255) CHARACTER SET utf8mb4 COLLATE utf8mb4_unicode_ci DEFAULT NULL,
  `created_date` datetime NOT NULL,
  `updated_date` datetime NOT NULL,
  PRIMARY KEY (`id`),
  UNIQUE KEY `id_UNIQUE` (`id`),
  KEY `fk_reaction_user_idx` (`user_id`),
  KEY `fk_reaction_news_idx` (`news_id`),
  CONSTRAINT `fk_reaction_news` FOREIGN KEY (`news_id`) REFERENCES `news` (`id`) ON DELETE SET NULL ON UPDATE CASCADE,
  CONSTRAINT `fk_reaction_user` FOREIGN KEY (`user_id`) REFERENCES `user` (`id`) ON DELETE SET NULL ON UPDATE CASCADE
) ENGINE=InnoDB DEFAULT CHARSET=utf8mb4 COLLATE=utf8mb4_unicode_ci COMMENT='Người dùng có thể like và bình luận trên tin tức.\nTương tác với tin tức: like (true/false), bình luận, ngày tạo, ngày cập nhật';
/*!40101 SET character_set_client = @saved_cs_client */;

--
-- Dumping data for table `reaction`
--

LOCK TABLES `reaction` WRITE;
/*!40000 ALTER TABLE `reaction` DISABLE KEYS */;
/*!40000 ALTER TABLE `reaction` ENABLE KEYS */;
UNLOCK TABLES;

--
-- Table structure for table `surcharge`
--

DROP TABLE IF EXISTS `surcharge`;
/*!40101 SET @saved_cs_client     = @@character_set_client */;
/*!50503 SET character_set_client = utf8mb4 */;
CREATE TABLE `surcharge` (
  `id` int NOT NULL AUTO_INCREMENT,
  `name` varchar(45) CHARACTER SET utf8mb4 COLLATE utf8mb4_unicode_ci NOT NULL,
  `percentage` float NOT NULL,
  PRIMARY KEY (`id`),
  UNIQUE KEY `id_UNIQUE` (`id`),
  UNIQUE KEY `name_UNIQUE` (`name`)
) ENGINE=InnoDB DEFAULT CHARSET=utf8mb4 COLLATE=utf8mb4_unicode_ci COMMENT='Phụ thu: tên phụ thu, tỷ lệ phụ thu (%)';
/*!40101 SET character_set_client = @saved_cs_client */;

--
-- Dumping data for table `surcharge`
--

LOCK TABLES `surcharge` WRITE;
/*!40000 ALTER TABLE `surcharge` DISABLE KEYS */;
/*!40000 ALTER TABLE `surcharge` ENABLE KEYS */;
UNLOCK TABLES;

--
-- Table structure for table `tour`
--

DROP TABLE IF EXISTS `tour`;
/*!40101 SET @saved_cs_client     = @@character_set_client */;
/*!50503 SET character_set_client = utf8mb4 */;
CREATE TABLE `tour` (
  `id` int NOT NULL AUTO_INCREMENT,
  `name` varchar(255) CHARACTER SET utf8mb4 COLLATE utf8mb4_unicode_ci NOT NULL,
  `price` decimal(12,0) NOT NULL,
  `image` varchar(255) COLLATE utf8mb4_unicode_ci DEFAULT NULL,
  `limit_customer` int NOT NULL,
  `description` longtext CHARACTER SET utf8mb4 COLLATE utf8mb4_unicode_ci,
  `category_id` int DEFAULT NULL,
  `duration_id` int DEFAULT NULL,
  `trip_id` int DEFAULT NULL,
  PRIMARY KEY (`id`),
  UNIQUE KEY `id_UNIQUE` (`id`),
  UNIQUE KEY `name_UNIQUE` (`name`),
  KEY `fk_tour_category_idx` (`category_id`),
  KEY `fk_tour_picture_idx` (`image`),
  KEY `fk_tour_duration_idx` (`duration_id`),
  KEY `fk_tour_trip_idx` (`trip_id`),
  CONSTRAINT `fk_tour_category` FOREIGN KEY (`category_id`) REFERENCES `category` (`id`) ON DELETE SET NULL ON UPDATE CASCADE,
  CONSTRAINT `fk_tour_duration` FOREIGN KEY (`duration_id`) REFERENCES `duration` (`id`) ON DELETE SET NULL ON UPDATE CASCADE,
  CONSTRAINT `fk_tour_trip` FOREIGN KEY (`trip_id`) REFERENCES `trip` (`id`) ON DELETE SET NULL ON UPDATE CASCADE
) ENGINE=InnoDB AUTO_INCREMENT=7 DEFAULT CHARSET=utf8mb4 COLLATE=utf8mb4_unicode_ci COMMENT='Tour du lịch: tên tour, giá tour, hình ảnh, mô tả tour, danh mục (FK), số khách tối đa';
/*!40101 SET character_set_client = @saved_cs_client */;

--
-- Dumping data for table `tour`
--

LOCK TABLES `tour` WRITE;
/*!40000 ALTER TABLE `tour` DISABLE KEYS */;
INSERT INTO `tour` VALUES (6,'Du lịch Hè - Tour Mỹ Tho - Cần Thơ - Cà Mau - Bạc Liêu - Sóc Trăng từ Sài Gòn 2022',3699000,'C:\\Users\\hongn\\Desktop\\278753335_1153327202186774_5108878643463341423_n.jpg',10,NULL,2,4,NULL);
/*!40000 ALTER TABLE `tour` ENABLE KEYS */;
UNLOCK TABLES;

--
-- Table structure for table `tour_departure`
--

DROP TABLE IF EXISTS `tour_departure`;
/*!40101 SET @saved_cs_client     = @@character_set_client */;
/*!50503 SET character_set_client = utf8mb4 */;
CREATE TABLE `tour_departure` (
  `id` int NOT NULL AUTO_INCREMENT,
  `departure` datetime NOT NULL,
  `tour_id` int DEFAULT NULL,
  PRIMARY KEY (`id`),
  UNIQUE KEY `id_UNIQUE` (`id`),
  KEY `fk_td_tour_idx` (`tour_id`),
  CONSTRAINT `fk_tour_depature` FOREIGN KEY (`tour_id`) REFERENCES `tour` (`id`) ON DELETE SET NULL ON UPDATE CASCADE
) ENGINE=InnoDB DEFAULT CHARSET=utf8mb4 COLLATE=utf8mb4_0900_ai_ci COMMENT='Mỗi tour có nhiều ngày khởi hành';
/*!40101 SET character_set_client = @saved_cs_client */;

--
-- Dumping data for table `tour_departure`
--

LOCK TABLES `tour_departure` WRITE;
/*!40000 ALTER TABLE `tour_departure` DISABLE KEYS */;
/*!40000 ALTER TABLE `tour_departure` ENABLE KEYS */;
UNLOCK TABLES;

--
-- Table structure for table `tour_places`
--

DROP TABLE IF EXISTS `tour_places`;
/*!40101 SET @saved_cs_client     = @@character_set_client */;
/*!50503 SET character_set_client = utf8mb4 */;
CREATE TABLE `tour_places` (
  `id` int NOT NULL AUTO_INCREMENT,
  `tour_id` int NOT NULL,
  `places_id` int DEFAULT NULL,
  PRIMARY KEY (`id`),
  UNIQUE KEY `id_UNIQUE` (`id`),
  KEY `fk_tour_places_idx` (`tour_id`),
  KEY `fk_tour_places_idx1` (`places_id`),
  CONSTRAINT `fk_itinerary_places` FOREIGN KEY (`places_id`) REFERENCES `places` (`id`) ON DELETE SET NULL ON UPDATE CASCADE,
  CONSTRAINT `fk_itinerary_tour` FOREIGN KEY (`tour_id`) REFERENCES `tour` (`id`) ON DELETE CASCADE ON UPDATE CASCADE
) ENGINE=InnoDB DEFAULT CHARSET=utf8mb4 COLLATE=utf8mb4_0900_ai_ci COMMENT='Hành trình: mỗi tour có nhiều địa điểm du lịch';
/*!40101 SET character_set_client = @saved_cs_client */;

--
-- Dumping data for table `tour_places`
--

LOCK TABLES `tour_places` WRITE;
/*!40000 ALTER TABLE `tour_places` DISABLE KEYS */;
/*!40000 ALTER TABLE `tour_places` ENABLE KEYS */;
UNLOCK TABLES;

--
-- Table structure for table `tour_schedule`
--

DROP TABLE IF EXISTS `tour_schedule`;
/*!40101 SET @saved_cs_client     = @@character_set_client */;
/*!50503 SET character_set_client = utf8mb4 */;
CREATE TABLE `tour_schedule` (
  `id` int NOT NULL AUTO_INCREMENT,
  `name` varchar(100) NOT NULL,
  `description` longtext NOT NULL,
  `tour_id` int DEFAULT NULL,
  PRIMARY KEY (`id`),
  UNIQUE KEY `id_UNIQUE` (`id`),
  KEY `fk_tour_program_idx` (`tour_id`),
  CONSTRAINT `fk_tour_schedule` FOREIGN KEY (`tour_id`) REFERENCES `tour` (`id`) ON DELETE SET NULL ON UPDATE CASCADE
) ENGINE=InnoDB DEFAULT CHARSET=utf8mb4 COLLATE=utf8mb4_0900_ai_ci COMMENT='Chương trình tour (ngày thứ n đi đâu, làm gì): ngày thứ, tên lịch trình, mô tả lịch trình';
/*!40101 SET character_set_client = @saved_cs_client */;

--
-- Dumping data for table `tour_schedule`
--

LOCK TABLES `tour_schedule` WRITE;
/*!40000 ALTER TABLE `tour_schedule` DISABLE KEYS */;
/*!40000 ALTER TABLE `tour_schedule` ENABLE KEYS */;
UNLOCK TABLES;

--
-- Table structure for table `trip`
--

DROP TABLE IF EXISTS `trip`;
/*!40101 SET @saved_cs_client     = @@character_set_client */;
/*!50503 SET character_set_client = utf8mb4 */;
CREATE TABLE `trip` (
  `id` int NOT NULL AUTO_INCREMENT,
  `departure_province_id` int DEFAULT NULL,
  `destination_province_id` int DEFAULT NULL,
  PRIMARY KEY (`id`),
  UNIQUE KEY `id_UNIQUE` (`id`),
  KEY `fk_trip_province_idx` (`departure_province_id`),
  KEY `fk_trip_province_idx1` (`destination_province_id`),
  CONSTRAINT `fk_trip_province_departure` FOREIGN KEY (`departure_province_id`) REFERENCES `location_province` (`id`) ON DELETE SET NULL ON UPDATE CASCADE,
  CONSTRAINT `fk_trip_province_destination` FOREIGN KEY (`destination_province_id`) REFERENCES `location_province` (`id`) ON DELETE SET NULL ON UPDATE CASCADE
) ENGINE=InnoDB DEFAULT CHARSET=utf8mb4 COLLATE=utf8mb4_unicode_ci COMMENT='Chuyến đi: nơi khởi hành, nơi đến.';
/*!40101 SET character_set_client = @saved_cs_client */;

--
-- Dumping data for table `trip`
--

LOCK TABLES `trip` WRITE;
/*!40000 ALTER TABLE `trip` DISABLE KEYS */;
/*!40000 ALTER TABLE `trip` ENABLE KEYS */;
UNLOCK TABLES;

--
-- Table structure for table `user`
--

DROP TABLE IF EXISTS `user`;
/*!40101 SET @saved_cs_client     = @@character_set_client */;
/*!50503 SET character_set_client = utf8mb4 */;
CREATE TABLE `user` (
  `id` int NOT NULL AUTO_INCREMENT,
  `username` varchar(16) CHARACTER SET utf8mb4 COLLATE utf8mb4_unicode_ci NOT NULL,
  `password` varchar(100) CHARACTER SET utf8mb4 COLLATE utf8mb4_unicode_ci NOT NULL,
  `email` varchar(255) CHARACTER SET utf8mb4 COLLATE utf8mb4_unicode_ci NOT NULL,
  `avatar` varchar(255) CHARACTER SET utf8mb4 COLLATE utf8mb4_unicode_ci DEFAULT NULL,
  `created_date` datetime NOT NULL DEFAULT CURRENT_TIMESTAMP,
  `updated_date` datetime NOT NULL DEFAULT CURRENT_TIMESTAMP,
  `is_active` bit(1) DEFAULT b'1',
  `user_role` enum('ADMIN','EMPLOYEE','CUSTOMER') CHARACTER SET utf8mb4 COLLATE utf8mb4_unicode_ci NOT NULL DEFAULT 'CUSTOMER',
  `user_info_id` int DEFAULT NULL,
  `first_name` varchar(45) CHARACTER SET utf8mb4 COLLATE utf8mb4_unicode_ci DEFAULT NULL,
  `last_name` varchar(45) CHARACTER SET utf8mb4 COLLATE utf8mb4_unicode_ci DEFAULT NULL,
  PRIMARY KEY (`id`),
  UNIQUE KEY `id_UNIQUE` (`id`),
  UNIQUE KEY `username_UNIQUE` (`username`),
  UNIQUE KEY `user_info_id_UNIQUE` (`user_info_id`),
  CONSTRAINT `fk_user_userinfo_id` FOREIGN KEY (`user_info_id`) REFERENCES `user_info` (`id`) ON DELETE CASCADE
) ENGINE=InnoDB AUTO_INCREMENT=6 DEFAULT CHARSET=utf8mb4 COLLATE=utf8mb4_unicode_ci COMMENT='Người dùng: tên đăng nhập, mật khẩu, email, hình đại diện, ngày tạo, ngày cập nhật, trạng thái hoạt động (true/false), phân quyền người dùng (quản trị viên, nhân viên, khách hàng)';
/*!40101 SET character_set_client = @saved_cs_client */;

--
-- Dumping data for table `user`
--

LOCK TABLES `user` WRITE;
/*!40000 ALTER TABLE `user` DISABLE KEYS */;
INSERT INTO `user` VALUES (1,'admin','$2a$10$h4vQPQWOXAh0RE3dLpru2uDLrw/PqEa9Ns5Y3FwCwrSqu7.Ubbr96','admin@gmail.com',NULL,'2022-04-06 21:06:14','2022-04-06 21:06:14',NULL,'CUSTOMER',NULL,'Hieu','La'),(2,'','$2a$10$qqmm/ufg7m0/dvM1nmx9/ewTNQ5DAwiuxNhQgft4AQFtTkYAww7eC','',NULL,'2022-04-18 01:09:54','2022-04-18 01:09:54',NULL,'CUSTOMER',NULL,'','');
/*!40000 ALTER TABLE `user` ENABLE KEYS */;
UNLOCK TABLES;

--
-- Table structure for table `user_info`
--

DROP TABLE IF EXISTS `user_info`;
/*!40101 SET @saved_cs_client     = @@character_set_client */;
/*!50503 SET character_set_client = utf8mb4 */;
CREATE TABLE `user_info` (
  `id` int NOT NULL AUTO_INCREMENT,
  `gender` enum('MALE','FEMALE','OTHER') CHARACTER SET utf8mb4 COLLATE utf8mb4_unicode_ci NOT NULL DEFAULT 'MALE',
  `day_of_birth` datetime DEFAULT NULL,
  `citizenship` varchar(30) CHARACTER SET utf8mb4 COLLATE utf8mb4_unicode_ci DEFAULT NULL,
  `phone` varchar(15) CHARACTER SET utf8mb4 COLLATE utf8mb4_unicode_ci DEFAULT NULL,
  `location_id` int DEFAULT NULL,
  PRIMARY KEY (`id`),
  KEY `fk_info_location_idx` (`location_id`),
  CONSTRAINT `fk_info_location` FOREIGN KEY (`location_id`) REFERENCES `location` (`id`) ON UPDATE CASCADE
) ENGINE=InnoDB DEFAULT CHARSET=utf8mb4 COLLATE=utf8mb4_unicode_ci;
/*!40101 SET character_set_client = @saved_cs_client */;

--
-- Dumping data for table `user_info`
--

LOCK TABLES `user_info` WRITE;
/*!40000 ALTER TABLE `user_info` DISABLE KEYS */;
/*!40000 ALTER TABLE `user_info` ENABLE KEYS */;
UNLOCK TABLES;
/*!40103 SET TIME_ZONE=@OLD_TIME_ZONE */;

/*!40101 SET SQL_MODE=@OLD_SQL_MODE */;
/*!40014 SET FOREIGN_KEY_CHECKS=@OLD_FOREIGN_KEY_CHECKS */;
/*!40014 SET UNIQUE_CHECKS=@OLD_UNIQUE_CHECKS */;
/*!40101 SET CHARACTER_SET_CLIENT=@OLD_CHARACTER_SET_CLIENT */;
/*!40101 SET CHARACTER_SET_RESULTS=@OLD_CHARACTER_SET_RESULTS */;
/*!40101 SET COLLATION_CONNECTION=@OLD_COLLATION_CONNECTION */;
/*!40111 SET SQL_NOTES=@OLD_SQL_NOTES */;

-- Dump completed on 2022-04-24 23:22:24
